relseconds,data
24.479,-0.8968505859375
24.755,-0.79974365234375
25.063,-0.77801513671875
25.365,-0.77801513671875
25.666,-0.700439453125
25.968,-0.700439453125
26.269,-0.700439453125
26.57,-0.700439453125
26.871,-0.700439453125
27.178,-0.700439453125
27.48,-0.700439453125
27.781,-0.700439453125
28.082,-0.76715087890625
28.384,-0.6378173828125
28.695,-0.66375732421875
29.005,-0.66375732421875
29.428,-0.66375732421875
29.73,-0.66375732421875
30.031,-0.73248291015625
30.333,-0.80828857421875
30.661,-0.80316162109375
30.962,-0.80316162109375
31.263,-0.80316162109375
31.57,-0.80316162109375
31.872,-0.80316162109375
32.173,-0.80316162109375
32.474,-0.80316162109375
32.775,-0.80316162109375
33.076,-0.84423828125
33.378,-0.7900390625
33.685,-0.87982177734375
33.987,-0.87982177734375
34.288,-0.8720703125
34.59,-0.96075439453125
34.913,-0.79046630859375
35.187,-0.92059326171875
35.489,-1.001708984375
35.797,-1.046875
36.099,-1.046875
36.4,-1.046875
36.701,-1.046875
37.002,-1.046875
37.303,-1.046875
37.604,-1.046875
37.911,-1.046875
38.213,-1.046875
38.514,-0.85284423828125
38.825,-0.89434814453125
39.135,-0.89434814453125
39.445,-0.89434814453125
39.755,-0.89434814453125
40.063,-0.89434814453125
40.364,-0.89434814453125
40.665,-0.83447265625
40.967,-0.869873046875
41.269,-0.869873046875
41.57,-0.869873046875
41.871,-0.869873046875
42.178,-0.869873046875
42.48,-0.869873046875
42.781,-0.869873046875
43.082,-0.869873046875
43.415,-0.53033447265625
43.691,-0.64434814453125
43.993,-0.622314453125
44.301,-0.65057373046875
44.603,-0.65057373046875
44.904,-0.69940185546875
45.206,-0.7392578125
45.508,-0.6678466796875
45.81,-0.73004150390625
46.112,-0.69818115234375
46.42,-0.69818115234375
46.721,-0.69818115234375
47.022,-0.69818115234375
47.323,-0.69818115234375
47.624,-0.69818115234375
47.925,-0.69818115234375
48.226,-0.7740478515625
48.534,-0.72161865234375
48.844,-0.72161865234375
49.154,-0.72161865234375
49.464,-0.72161865234375
49.774,-0.72161865234375
50.075,-0.72161865234375
50.376,-0.72161865234375
50.706,-0.8221435546875
51.008,-0.8221435546875
51.309,-0.8221435546875
51.61,-0.8221435546875
51.911,-0.8221435546875
52.212,-0.8221435546875
52.513,-0.8221435546875
52.82,-0.8221435546875
53.122,-0.8221435546875
53.423,-0.8177490234375
53.725,-0.8443603515625
54.027,-0.857177734375
54.329,-0.892333984375
54.631,-0.9573974609375
54.958,-0.8836669921875
55.26,-0.8836669921875
55.561,-0.706298828125
55.863,-0.72186279296875
56.165,-0.70562744140625
56.467,-0.70562744140625
56.768,-0.70562744140625
57.075,-0.70562744140625
57.377,-0.70562744140625
57.678,-0.70562744140625
57.979,-0.70562744140625
58.28,-0.70562744140625
58.581,-0.74969482421875
58.892,-0.74969482421875
59.315,-0.74969482421875
59.626,-0.74969482421875
59.927,-0.74969482421875
60.228,-0.82025146484375
60.53,-0.7750244140625
60.856,-0.80364990234375
61.132,-0.84381103515625
61.44,-0.84381103515625
61.742,-0.84381103515625
62.043,-0.84381103515625
62.344,-0.84381103515625
62.645,-0.84381103515625
62.946,-0.84381103515625
63.247,-0.84381103515625
63.554,-0.862060546875
63.856,-0.862060546875
64.157,-1.01251220703125
64.459,-1.10601806640625
64.761,-1.0048828125
65.063,-0.9429931640625
65.384,-0.994384765625
65.666,-0.9246826171875
65.968,-0.9246826171875
66.269,-0.948974609375
66.571,-0.948974609375
66.872,-0.948974609375
67.173,-0.948974609375
67.474,-0.948974609375
67.781,-0.948974609375
68.083,-0.948974609375
68.384,-0.948974609375
68.685,-0.8680419921875
68.996,-0.78173828125
69.306,-0.78173828125
69.616,-0.78173828125
70.039,-0.78173828125
70.34,-0.78173828125
70.641,-0.9005126953125
70.943,-0.9095458984375
71.245,-0.8505859375
71.547,-0.92169189453125
71.849,-0.92169189453125
72.156,-0.92169189453125
72.458,-0.92169189453125
72.759,-0.92169189453125
73.06,-0.92169189453125
73.361,-0.92169189453125
73.662,-0.90789794921875
73.964,-0.93072509765625
74.272,-0.78387451171875
74.574,-0.78387451171875
74.875,-0.90509033203125
75.177,-0.8480224609375
75.479,-0.86712646484375
75.781,-0.925537109375
76.083,-0.925537109375
76.39,-0.90679931640625
76.692,-0.90679931640625
76.993,-0.90679931640625
77.294,-0.90679931640625
77.595,-0.90679931640625
77.896,-0.90679931640625
78.197,-0.90679931640625
78.504,-0.90679931640625
78.806,-0.90679931640625
79.116,-0.94122314453125
79.426,-0.94122314453125
79.736,-0.94122314453125
80.046,-0.94122314453125
80.347,-0.94122314453125
80.655,-0.8330078125
80.956,-0.8330078125
81.257,-0.83837890625
81.559,-0.912109375
81.861,-0.912109375
82.162,-0.912109375
82.463,-0.912109375
82.77,-0.912109375
83.071,-0.912109375
83.372,-0.912109375
83.673,-0.912109375
83.974,-0.9432373046875
84.276,-0.88580322265625
84.597,-0.9119873046875
84.879,-0.92181396484375
85.181,-0.92181396484375
85.482,-0.8953857421875
85.784,-0.9754638671875
86.086,-0.985107421875
86.388,-0.952392578125
86.69,-0.9412841796875
86.998,-0.9412841796875
87.3,-0.9412841796875
87.601,-0.9412841796875
87.902,-0.9412841796875
88.203,-0.9412841796875
88.504,-0.9412841796875
88.805,-0.9412841796875
89.246,-0.94354248046875
89.557,-0.94354248046875
89.867,-0.94354248046875
90.168,-0.94354248046875
90.469,-0.94354248046875
90.779,-0.8447265625
91.054,-0.8338623046875
91.362,-0.9349365234375
91.664,-0.9349365234375
91.965,-0.9349365234375
92.266,-0.9349365234375
92.567,-0.9349365234375
92.868,-0.9349365234375
93.169,-0.9349365234375
93.476,-0.9349365234375
93.778,-0.9349365234375
94.079,-1.083740234375
94.381,-1.083740234375
94.682,-1.09735107421875
94.984,-1.03350830078125
95.306,-1.134033203125
95.588,-1.08111572265625
95.89,-1.08111572265625
96.191,-1.15045166015625
96.493,-1.155517578125
96.795,-1.0113525390625
97.097,-1.0113525390625
97.398,-1.0113525390625
97.705,-1.0113525390625
98.007,-1.0113525390625
98.308,-1.0113525390625
98.609,-1.0113525390625
98.91,-1.0113525390625
99.22,-1.0113525390625
99.53,-1.0113525390625
99.953,-1.0113525390625
100.254,-1.0113525390625
100.555,270.15380859375
100.857,316.4071044921875
101.158,387.3251953125
101.489,447.5269775390625
101.764,639.0218505859375
102.072,639.0218505859375
102.373,639.0218505859375
102.674,639.0218505859375
102.975,639.0218505859375
103.276,639.0218505859375
103.577,639.0218505859375
103.878,639.0218505859375
104.186,1231.1708984375
104.487,1231.1708984375
104.788,1347.848876953125
105.09,1400.861083984375
105.392,1459.12939453125
105.694,1515.890869140625
106.018,1572.6826171875
106.3,1675.35009765625
106.602,1675.35009765625
106.903,1779.9267578125
107.205,1779.9267578125
107.506,1779.9267578125
107.807,1779.9267578125
108.108,1779.9267578125
108.415,1779.9267578125
108.717,1779.9267578125
109.018,1779.9267578125
109.328,2176.35498046875
109.638,2176.35498046875
109.948,2176.35498046875
110.258,2176.35498046875
110.565,2176.35498046875
110.867,2176.35498046875
111.168,2452.3486328125
111.47,2485.96826171875
111.772,2522.541748046875
112.074,2558.115966796875
112.376,2558.115966796875
112.683,2558.115966796875
112.984,2558.115966796875
113.285,2558.115966796875
113.586,2558.115966796875
113.887,2558.115966796875
114.188,2558.115966796875
114.522,2820.10205078125
114.804,2872.215576171875
115.105,2872.215576171875
115.406,2921.289794921875
115.708,2945.9453125
116.01,2969.7138671875
116.312,2992.706298828125
116.614,3012.8173828125
116.922,3034.579833984375
117.224,3034.579833984375
117.525,3034.579833984375
117.826,3034.579833984375
118.127,3034.579833984375
118.428,3034.579833984375
118.729,3034.579833984375
119.036,3034.579833984375
119.347,3199.772705078125
119.657,3199.772705078125
119.967,3199.772705078125
120.277,3199.772705078125
120.578,3199.772705078125
120.879,3259.831298828125
121.187,3270.176513671875
121.488,3270.176513671875
121.807,3287.783935546875
122.082,3303.563720703125
122.384,3303.563720703125
122.685,3303.563720703125
122.986,3303.563720703125
123.293,3303.563720703125
123.594,3303.563720703125
123.895,3303.563720703125
124.196,3303.563720703125
124.497,3337.057373046875
124.799,3339.330322265625
125.101,3340.454833984375
125.409,3340.947021484375
125.71,3340.947021484375
126.011,3337.879638671875
126.334,3342.197509765625
126.61,3338.274169921875
126.912,3335.379638671875
127.214,3330.292724609375
127.522,3330.292724609375
127.823,3330.292724609375
128.124,3330.292724609375
128.425,3330.292724609375
128.726,3330.292724609375
129.027,3330.292724609375
129.328,3330.292724609375
129.751,3291.280517578125
130.062,3285.034423828125
130.372,3285.034423828125
130.673,3285.034423828125
130.974,3278.589111328125
131.276,3277.429443359375
131.578,3275.700439453125
131.886,3274.422607421875
132.187,3274.422607421875
132.488,3271.534423828125
132.79,3271.534423828125
133.091,3271.534423828125
133.392,3271.534423828125
133.693,3271.534423828125
134,3271.534423828125
134.302,3271.534423828125
134.603,3259.813720703125
134.905,3258.783447265625
135.207,3257.673583984375
135.509,3256.411376953125
135.811,3254.594970703125
136.119,3252.890380859375
136.421,3252.890380859375
136.722,3249.157958984375
137.045,3247.329833984375
137.32,3243.421142578125
137.621,3243.421142578125
137.922,3243.421142578125
138.229,3243.421142578125
138.53,3243.421142578125
138.831,3243.421142578125
139.132,3243.421142578125
139.433,3243.421142578125
139.743,3231.317626953125
140.053,3231.317626953125
140.476,3231.317626953125
140.778,3231.317626953125
141.079,3223.973388671875
141.38,3222.112548828125
141.682,3220.489013671875
141.984,3219.151611328125
142.286,3217.749755859375
142.594,3215.947509765625
142.896,3215.947509765625
143.197,3215.947509765625
143.498,3215.947509765625
143.799,3215.947509765625
144.1,3215.947509765625
144.401,3215.947509765625
144.728,3215.947509765625
145.03,3215.947509765625
145.331,3200.345458984375
145.633,3199.238037109375
145.935,3197.726806640625
146.237,3195.680908203125
146.539,3193.785888671875
146.847,3192.039306640625
147.149,3192.039306640625
147.478,3188.507080078125
147.78,3188.507080078125
148.081,3188.507080078125
148.382,3188.507080078125
148.683,3188.507080078125
148.99,3188.507080078125
149.291,3188.507080078125
149.592,3188.507080078125
149.902,3173.876708984375
150.212,3173.876708984375
150.522,3173.876708984375
150.832,3173.876708984375
151.139,3173.876708984375
151.455,3173.876708984375
151.73,3161.8798828125
152.032,3159.6171875
152.334,3157.47607421875
152.636,3155.865966796875
152.938,3155.865966796875
153.245,3155.865966796875
153.546,3155.865966796875
153.847,3155.865966796875
154.148,3155.865966796875
154.449,3155.865966796875
154.75,3155.865966796875
155.051,3142.4208984375
155.36,3140.671630859375
155.661,3140.671630859375
155.983,3137.938720703125
156.258,3135.2880859375
156.56,3134.140869140625
156.862,3132.9814453125
157.164,3131.550048828125
157.472,3129.85595703125
157.774,3129.85595703125
158.075,3129.85595703125
158.376,3129.85595703125
158.677,3129.85595703125
158.978,3129.85595703125
159.279,3129.85595703125
159.586,3129.85595703125
159.888,3129.85595703125
160.198,3114.0400390625
160.508,3114.0400390625
160.818,3114.0400390625
161.128,3114.0400390625
161.429,3114.0400390625
161.737,3105.55126953125
162.038,3105.55126953125
162.339,3102.50927734375
162.641,3100.91015625
162.943,3099.1083984375
163.245,3099.1083984375
163.546,3099.1083984375
163.853,3099.1083984375
164.154,3099.1083984375
164.455,3099.1083984375
164.756,3099.1083984375
165.057,3085.81494140625
165.359,3084.4609375
165.661,3082.444091796875
165.969,3080.352783203125
166.271,3080.352783203125
166.572,3078.134765625
166.874,3076.720947265625
167.176,3075.034912109375
167.478,3073.697998046875
167.795,3072.134033203125
168.103,3072.134033203125
168.405,3072.134033203125
168.706,3072.134033203125
169.007,3072.134033203125
169.308,3072.134033203125
169.609,3072.134033203125
169.91,3072.134033203125
170.333,3056.865478515625
170.754,3056.865478515625
171.064,3056.865478515625
171.365,3056.865478515625
171.666,3049.231201171875
171.968,3047.326416015625
172.276,3045.57861328125
172.599,3045.57861328125
172.875,3041.890380859375
173.176,3041.890380859375
173.477,3041.890380859375
173.778,3041.890380859375
174.079,3041.890380859375
174.386,3041.890380859375
174.688,3041.890380859375
174.989,3041.890380859375
175.29,3028.337158203125
175.592,3026.525146484375
175.894,3024.795654296875
176.196,3023.000244140625
176.504,3021.190185546875
176.806,3021.190185546875
177.127,3018.95751953125
177.403,3016.003173828125
177.704,3014.329833984375
178.006,3012.261962890625
178.308,3012.261962890625
178.615,3012.261962890625
178.917,3012.261962890625
179.218,3012.261962890625
179.519,3012.261962890625
179.82,3012.261962890625
180.121,3012.261962890625
180.431,2999.370361328125
180.854,2999.370361328125
181.165,2999.370361328125
181.466,2999.370361328125
181.767,2992.424072265625
182.069,2990.500732421875
182.371,2988.39111328125
182.673,2986.798828125
182.981,2985.427001953125
183.283,2985.427001953125
183.584,2985.427001953125
183.885,2985.427001953125
184.186,2985.427001953125
184.487,2985.427001953125
184.788,2985.427001953125
185.095,2985.427001953125
185.396,2985.427001953125
185.697,2969.92919921875
185.999,2968.433349609375
186.301,2966.7607421875
186.603,2965.394775390625
186.905,2962.959228515625
187.213,2961.733642578125
187.514,2961.733642578125
187.837,2958.09033203125
188.113,2954.90771484375
188.414,2954.90771484375
188.715,2954.90771484375
189.016,2954.90771484375
189.323,2954.90771484375
189.625,2954.90771484375
189.926,2954.90771484375
190.227,2954.90771484375
190.537,2940.55029296875
190.847,2940.55029296875
191.157,2940.55029296875
191.58,2940.55029296875
191.882,2940.55029296875
192.183,2930.258544921875
192.485,2928.5947265625
192.787,2927.31787109375
193.089,2925.438232421875
193.391,2923.826171875
193.699,2923.826171875
194.001,2923.826171875
194.302,2923.826171875
194.603,2923.826171875
194.904,2923.826171875
195.205,2923.826171875
195.514,2923.826171875
195.796,2907.712890625
196.098,2907.712890625
196.399,2905.413330078125
196.701,2903.765380859375
197.003,2901.871337890625
197.305,2900.223876953125
197.607,2898.57568359375
197.916,2896.9599609375
198.217,2896.9599609375
198.518,2893.796630859375
198.82,2893.796630859375
199.121,2893.796630859375
199.422,2893.796630859375
199.723,2893.796630859375
200.03,2893.796630859375
200.332,2893.796630859375
200.642,2879.817626953125
200.952,2879.817626953125
201.262,2879.817626953125
201.572,2879.817626953125
201.873,2879.817626953125
202.181,2871.45361328125
202.482,2871.45361328125
202.799,2868.2275390625
203.074,2864.4375
203.376,2863.023681640625
203.678,2863.023681640625
203.979,2863.023681640625
204.286,2863.023681640625
204.588,2863.023681640625
204.889,2863.023681640625
205.19,2863.023681640625
205.491,2863.023681640625
205.792,2848.88671875
206.094,2847.014892578125
206.402,2845.052490234375
206.704,2845.052490234375
207.005,2842.283447265625
207.327,2840.335205078125
207.603,2836.830810546875
207.904,2835.27197265625
208.206,2833.646728515625
208.515,2831.926025390625
208.816,2831.926025390625
209.117,2831.926025390625
209.418,2831.926025390625
209.719,2831.926025390625
210.02,2831.926025390625
210.321,2831.926025390625
210.628,2831.926025390625
210.939,2831.926025390625
211.249,2831.926025390625
211.559,2831.926025390625
211.869,2831.926025390625
212.17,2831.926025390625
212.471,2809.382080078125
212.779,2808.092529296875
213.081,2808.092529296875
213.382,2805.433837890625
213.684,2803.535888671875
213.986,2803.535888671875
214.287,2803.535888671875
214.588,2803.535888671875
214.895,2803.535888671875
215.196,2803.535888671875
215.497,2803.535888671875
215.831,2803.535888671875
216.107,2788.106201171875
216.409,2786.30078125
216.711,2784.809326171875
217.019,2783.27587890625
217.321,2783.27587890625
217.622,2779.0234375
217.924,2777.770751953125
218.226,2776.497314453125
218.528,2775.10693359375
218.83,2773.852783203125
219.138,2773.852783203125
219.44,2773.852783203125
219.741,2773.852783203125
220.042,2773.852783203125
220.343,2773.852783203125
220.644,2773.852783203125
220.954,2760.77783203125
221.377,2760.77783203125
221.688,2760.77783203125
221.989,2760.77783203125
222.29,2760.77783203125
222.566,2751.87060546875
222.867,2750.483154296875
223.169,2749.678466796875
223.478,2748.225341796875
223.779,2748.225341796875
224.08,2748.225341796875
224.381,2748.225341796875
224.682,2748.225341796875
224.983,2748.225341796875
225.284,2748.225341796875
225.591,2748.225341796875
225.893,2748.225341796875
226.194,2732.9443359375
226.496,2732.125244140625
226.819,2730.594970703125
227.094,2727.6279296875
227.396,2726.027587890625
227.705,2724.73876953125
228.006,2724.73876953125
228.307,2722.005615234375
228.609,2720.668701171875
228.911,2719.235107421875
229.213,2719.235107421875
229.514,2719.235107421875
229.821,2719.235107421875
230.123,2719.235107421875
230.424,2719.235107421875
230.725,2719.235107421875
231.035,2719.235107421875
231.345,2719.235107421875
231.655,2719.235107421875
232.078,2719.235107421875
232.38,2719.235107421875
232.681,2700.762939453125
233.001,2699.338134765625
233.277,2696.340087890625
233.578,2695.1669921875
233.88,2694.000244140625
234.188,2694.000244140625
234.489,2694.000244140625
234.79,2694.000244140625
235.091,2694.000244140625
235.392,2694.000244140625
235.693,2694.000244140625
235.994,2694.000244140625
236.301,2681.187744140625
236.603,2681.187744140625
236.904,2678.62255859375
237.206,2677.9306640625
237.529,2676.497802734375
237.804,2673.486083984375
238.106,2671.952880859375
238.414,2670.51123046875
238.716,2670.51123046875
239.017,2667.789306640625
239.319,2667.789306640625
239.62,2667.789306640625
239.921,2667.789306640625
240.222,2667.789306640625
240.529,2667.789306640625
240.831,2667.789306640625
241.141,2667.789306640625
241.451,2667.789306640625
241.761,2667.789306640625
242.071,2667.789306640625
242.372,2667.789306640625
242.679,2651.263427734375
242.981,2651.263427734375
243.282,2647.942626953125
243.584,2646.27685546875
243.886,2644.212890625
244.188,2642.99560546875
244.49,2642.99560546875
244.797,2642.99560546875
245.099,2642.99560546875
245.4,2642.99560546875
245.701,2642.99560546875
246.002,2642.99560546875
246.308,2642.99560546875
246.584,2628.333984375
246.891,2626.986083984375
247.193,2626.986083984375
247.494,2624.245361328125
247.796,2622.8466796875
248.098,2621.1728515625
248.4,2619.71142578125
248.702,2618.30126953125
249.01,2616.74755859375
249.312,2616.74755859375
249.613,2616.74755859375
249.914,2616.74755859375
250.215,2616.74755859375
250.516,2616.74755859375
250.817,2616.74755859375
251.124,2616.74755859375
251.434,2616.74755859375
251.744,2616.74755859375
252.054,2616.74755859375
252.364,2616.74755859375
252.665,2616.74755859375
252.966,2599.5
253.274,2597.574951171875
253.592,2597.574951171875
253.867,2594.043212890625
254.169,2592.332763671875
254.471,2592.332763671875
254.772,2592.332763671875
255.073,2592.332763671875
255.38,2592.332763671875
255.682,2592.332763671875
255.983,2592.332763671875
256.284,2592.332763671875
256.585,2580.75244140625
256.887,2579.2646484375
257.189,2577.835205078125
257.498,2576.661865234375
257.799,2576.661865234375
258.12,2574.16357421875
258.395,2571.33984375
258.697,2570.031494140625
258.999,2568.71923828125
259.301,2567.430419921875
259.609,2567.430419921875
259.911,2567.430419921875
260.212,2567.430419921875
260.513,2567.430419921875
260.814,2567.430419921875
261.115,2567.430419921875
261.416,2567.430419921875
261.839,2556.118408203125
262.15,2556.118408203125
262.46,2556.118408203125
262.761,2556.118408203125
263.062,2549.05615234375
263.364,2547.794677734375
263.666,2546.62744140625
263.975,2545.416015625
264.301,2545.416015625
264.602,2545.416015625
264.903,2545.416015625
265.204,2545.416015625
265.505,2545.416015625
265.806,2545.416015625
266.113,2545.416015625
266.415,2545.416015625
266.716,2530.069091796875
267.018,2528.654052734375
267.32,2527.214599609375
267.622,2525.976806640625
267.924,2524.53125
268.232,2523.247802734375
268.552,2523.247802734375
268.828,2519.184814453125
269.129,2517.837158203125
269.431,2516.546630859375
269.733,2516.546630859375
270.034,2516.546630859375
270.341,2516.546630859375
270.642,2516.546630859375
270.943,2516.546630859375
271.244,2516.546630859375
271.545,2516.546630859375
271.855,2502.64599609375
272.165,2502.64599609375
272.588,2502.64599609375
272.89,2502.64599609375
273.191,2497.40478515625
273.493,2495.98828125
273.795,2494.314697265625
274.097,2492.8974609375
274.399,2491.9208984375
274.707,2490.608642578125
275.008,2490.608642578125
275.309,2490.608642578125
275.61,2490.608642578125
275.911,2490.608642578125
276.212,2490.608642578125
276.513,2490.608642578125
276.82,2479.76953125
277.122,2479.76953125
277.423,2476.872314453125
277.725,2475.978759765625
278.027,2474.596435546875
278.329,2473.236572265625
278.631,2471.90576171875
278.939,2470.65478515625
279.261,2470.65478515625
279.537,2466.346923828125
279.839,2466.346923828125
280.14,2466.346923828125
280.441,2466.346923828125
280.742,2466.346923828125
281.049,2466.346923828125
281.35,2466.346923828125
281.651,2466.346923828125
281.961,2454.4111328125
282.271,2454.4111328125
282.581,2454.4111328125
282.891,2454.4111328125
283.198,2454.4111328125
283.513,2454.4111328125
283.789,2443.18115234375
284.091,2441.640869140625
284.393,2439.771240234375
284.695,2437.9228515625
284.997,2437.9228515625
285.304,2437.9228515625
285.606,2437.9228515625
285.907,2437.9228515625
286.208,2437.9228515625
286.509,2437.9228515625
286.81,2437.9228515625
287.111,2425.12158203125
287.419,2423.741455078125
287.72,2423.741455078125
288.042,2420.92236328125
288.317,2418.410400390625
288.619,2417.21044921875
288.921,2416.349365234375
289.222,2415.310302734375
289.53,2414.05712890625
289.832,2414.05712890625
290.133,2414.05712890625
290.434,2414.05712890625
290.735,2414.05712890625
291.036,2414.05712890625
291.337,2414.05712890625
291.644,2414.05712890625
291.946,2414.05712890625
292.256,2401.41552734375
292.566,2401.41552734375
292.876,2401.41552734375
293.186,2401.41552734375
293.487,2401.41552734375
293.794,2393.218017578125
294.096,2393.218017578125
294.397,2390.398193359375
294.699,2388.79541015625
295.001,2387.37060546875
295.303,2387.37060546875
295.604,2387.37060546875
295.911,2387.37060546875
296.212,2387.37060546875
296.513,2387.37060546875
296.814,2387.37060546875
297.115,2375.78759765625
297.417,2374.5771484375
297.719,2373.316162109375
298.027,2372.1943359375
298.329,2372.1943359375
298.63,2369.348388671875
298.932,2367.852294921875
299.234,2366.416259765625
299.536,2365.233154296875
299.854,2363.725341796875
300.162,2363.725341796875
300.463,2363.725341796875
300.764,2363.725341796875
301.065,2363.725341796875
301.366,2363.725341796875
301.667,2363.725341796875
301.968,2363.725341796875
302.392,2349.94482421875
302.812,2349.94482421875
303.122,2349.94482421875
303.423,2349.94482421875
303.724,2342.42626953125
304.026,2340.81103515625
304.334,2339.403564453125
304.66,2339.403564453125
304.936,2336.32666015625
305.237,2336.32666015625
305.538,2336.32666015625
305.839,2336.32666015625
306.14,2336.32666015625
306.447,2336.32666015625
306.749,2336.32666015625
307.05,2336.32666015625
307.351,2323.5732421875
307.653,2323.5732421875
307.954,2320.58984375
308.256,2319.01123046875
308.564,2316.8828125
308.866,2316.8828125
309.188,2313.582763671875
309.464,2310.745361328125
309.765,2309.428466796875
310.067,2308.06494140625
310.369,2308.06494140625
310.676,2308.06494140625
310.978,2308.06494140625
311.279,2308.06494140625
311.58,2308.06494140625
311.881,2308.06494140625
312.182,2308.06494140625
312.492,2296.635986328125
312.915,2296.635986328125
313.226,2296.635986328125
313.527,2296.635986328125
313.828,2290.2216796875
314.13,2289.051025390625
314.432,2287.654541015625
314.734,2286.39892578125
315.043,2285.020263671875
315.344,2285.020263671875
315.645,2285.020263671875
315.946,2285.020263671875
316.247,2285.020263671875
316.548,2285.020263671875
316.849,2285.020263671875
317.156,2285.020263671875
317.458,2285.020263671875
317.759,2271.001708984375
318.061,2269.296875
318.363,2268.370361328125
318.665,2268.370361328125
318.966,2266.4052734375
319.275,2265.204833984375
319.576,2265.204833984375
319.899,2262.751708984375
320.174,2259.63720703125
320.476,2259.63720703125
320.777,2259.63720703125
321.078,2259.63720703125
321.385,2259.63720703125
321.686,2259.63720703125
321.987,2259.63720703125
322.288,2259.63720703125
322.598,2248.2548828125
322.908,2248.2548828125
323.218,2248.2548828125
323.641,2248.2548828125
323.943,2248.2548828125
324.244,2241.602783203125
324.546,2240.381591796875
324.848,2239.37646484375
325.15,2237.942138671875
325.452,2236.725341796875
325.76,2236.725341796875
326.061,2236.725341796875
326.362,2236.725341796875
326.663,2236.725341796875
326.964,2236.725341796875
327.265,2236.725341796875
327.576,2236.725341796875
327.858,2225.229736328125
328.16,2225.229736328125
328.461,2222.883056640625
328.763,2221.513671875
329.065,2220.059326171875
329.367,2218.7900390625
329.669,2218.7900390625
329.976,2216.06201171875
330.278,2216.06201171875
330.579,2213.314453125
330.881,2213.314453125
331.182,2213.314453125
331.483,2213.314453125
331.784,2213.314453125
332.091,2213.314453125
332.392,2213.314453125
332.702,2201.718505859375
333.012,2201.718505859375
333.322,2201.718505859375
333.632,2201.718505859375
333.933,2201.718505859375
334.24,2194.294921875
334.542,2194.294921875
334.843,2191.010498046875
335.144,2188.529296875
335.446,2187.049072265625
335.748,2187.049072265625
336.049,2187.049072265625
336.356,2187.049072265625
336.657,2187.049072265625
336.958,2187.049072265625
337.259,2187.049072265625
337.56,2187.049072265625
337.861,2175.190185546875
338.163,2173.810546875
338.471,2172.61669921875
338.773,2172.61669921875
339.074,2170.432861328125
339.389,2169.15380859375
339.664,2166.623046875
339.966,2165.384033203125
340.268,2165.384033203125
340.575,2162.651123046875
340.877,2162.651123046875
341.178,2162.651123046875
341.479,2162.651123046875
341.78,2162.651123046875
342.081,2162.651123046875
342.382,2162.651123046875
342.689,2162.651123046875
343,2162.651123046875
343.31,2162.651123046875
343.62,2162.651123046875
343.93,2162.651123046875
344.231,2162.651123046875
344.532,2143.10693359375
344.84,2141.29345703125
345.141,2141.29345703125
345.442,2138.1953125
345.744,2136.77294921875
346.046,2136.77294921875
346.347,2136.77294921875
346.648,2136.77294921875
346.955,2136.77294921875
347.257,2136.77294921875
347.558,2136.77294921875
347.892,2136.77294921875
348.168,2123.257080078125
348.47,2121.311279296875
348.772,2120.065673828125
349.08,2118.928466796875
349.382,2118.928466796875
349.683,2116.267578125
349.985,2114.994873046875
350.287,2113.778564453125
350.589,2112.3955078125
350.891,2110.7138671875
351.199,2110.7138671875
351.501,2110.7138671875
351.802,2110.7138671875
352.103,2110.7138671875
352.404,2110.7138671875
352.705,2110.7138671875
353.015,2099.370849609375
353.438,2099.370849609375
353.749,2099.370849609375
354.05,2099.370849609375
354.351,2093.380859375
354.653,2092.015869140625
354.955,2090.505615234375
355.257,2089.18505859375
355.566,2087.858642578125
355.867,2087.858642578125
356.168,2087.858642578125
356.469,2087.858642578125
356.77,2087.858642578125
357.071,2087.858642578125
357.372,2087.858642578125
357.679,2087.858642578125
357.981,2087.858642578125
358.282,2075.279052734375
358.602,2073.817138671875
358.878,2070.5654296875
359.179,2068.74755859375
359.481,2067.096435546875
359.789,2065.515869140625
360.091,2065.515869140625
360.392,2062.500732421875
360.694,2060.878662109375
360.996,2059.0234375
361.297,2059.0234375
361.598,2059.0234375
361.905,2059.0234375
362.207,2059.0234375
362.508,2059.0234375
362.809,2059.0234375
363.138,2059.0234375
363.448,2059.0234375
363.758,2059.0234375
364.181,2059.0234375
364.507,2059.0234375
364.783,2039.660888671875
365.084,2038.11865234375
365.386,2036.784423828125
365.688,2035.2587890625
365.99,2033.798095703125
366.298,2033.798095703125
366.599,2033.798095703125
366.9,2033.798095703125
367.201,2033.798095703125
367.502,2033.798095703125
367.803,2033.798095703125
368.104,2033.798095703125
368.411,2022.39599609375
368.712,2022.39599609375
369.035,2020.39306640625
369.31,2018.155029296875
369.612,2016.905029296875
369.913,2015.41455078125
370.215,2015.41455078125
370.522,2012.46630859375
370.823,2012.46630859375
371.124,2009.48876953125
371.426,2009.48876953125
371.727,2009.48876953125
372.028,2009.48876953125
372.329,2009.48876953125
372.636,2009.48876953125
372.937,2009.48876953125
373.247,2009.48876953125
373.557,2009.48876953125
373.867,2009.48876953125
374.177,2009.48876953125
374.478,2009.48876953125
374.785,1989.411865234375
375.086,1989.411865234375
375.387,1986.6474609375
375.689,1985.498779296875
375.991,1984.356689453125
376.293,1983.24169921875
376.595,1983.24169921875
376.902,1983.24169921875
377.204,1983.24169921875
377.505,1983.24169921875
377.806,1983.24169921875
378.107,1983.24169921875
378.408,1971.091796875
378.71,1969.76611328125
379.018,1968.45703125
379.32,1968.45703125
379.621,1966.255615234375
379.923,1964.842041015625
380.225,1963.700439453125
380.527,1962.126220703125
380.847,1960.608642578125
381.129,1957.3974609375
381.431,1957.3974609375
381.732,1957.3974609375
382.033,1957.3974609375
382.334,1957.3974609375
382.635,1957.3974609375
382.936,1957.3974609375
383.243,1957.3974609375
383.553,1957.3974609375
383.863,1957.3974609375
384.173,1957.3974609375
384.483,1957.3974609375
384.784,1957.3974609375
385.099,1957.3974609375
385.382,1936.093505859375
385.684,1936.093505859375
385.985,1933.970703125
386.287,1932.583251953125
386.589,1932.583251953125
386.89,1932.583251953125
387.191,1932.583251953125
387.498,1932.583251953125
387.8,1932.583251953125
388.101,1932.583251953125
388.402,1932.583251953125
388.703,1932.583251953125
389.004,1920.002197265625
389.306,1919.162109375
389.634,1918.1865234375
389.936,1918.1865234375
390.237,1913.430908203125
390.539,1912.19775390625
390.841,1911.34423828125
391.142,1909.906982421875
391.444,1908.17626953125
391.752,1908.17626953125
392.054,1908.17626953125
392.355,1908.17626953125
392.656,1908.17626953125
392.957,1908.17626953125
393.258,1908.17626953125
393.568,1908.17626953125
393.992,1908.17626953125
394.302,1908.17626953125
394.603,1908.17626953125
394.904,1890.66845703125
395.206,1889.29052734375
395.534,1888.479248046875
395.81,1886.483154296875
396.117,1885.361328125
396.419,1885.361328125
396.72,1885.361328125
397.021,1885.361328125
397.322,1885.361328125
397.623,1885.361328125
397.924,1885.361328125
398.231,1885.361328125
398.533,1885.361328125
398.834,1873.3720703125
399.136,1872.222900390625
399.438,1872.222900390625
399.739,1869.60302734375
400.062,1868.3544921875
400.344,1865.568115234375
400.646,1865.568115234375
400.947,1862.882568359375
401.249,1861.586181640625
401.551,1860.11767578125
401.853,1860.11767578125
402.154,1860.11767578125
402.461,1860.11767578125
402.763,1860.11767578125
403.064,1860.11767578125
403.365,1860.11767578125
403.675,1860.11767578125
403.985,1860.11767578125
404.295,1860.11767578125
404.719,1860.11767578125
405.02,1860.11767578125
405.321,1842.07568359375
405.623,1840.591064453125
405.925,1838.921875
406.243,1837.487548828125
406.518,1834.632568359375
406.826,1834.632568359375
407.127,1834.632568359375
407.428,1834.632568359375
407.729,1834.632568359375
408.03,1834.632568359375
408.331,1834.632568359375
408.632,1834.632568359375
408.939,1823.166748046875
409.24,1823.166748046875
409.541,1820.77197265625
409.843,1819.789794921875
410.145,1818.439697265625
410.447,1817.193359375
410.77,1817.193359375
411.052,1813.58837890625
411.354,1813.58837890625
411.655,1810.348876953125
411.957,1810.348876953125
412.258,1810.348876953125
412.559,1810.348876953125
412.86,1810.348876953125
413.167,1810.348876953125
413.469,1810.348876953125
413.779,1810.348876953125
414.089,1810.348876953125
414.399,1810.348876953125
414.709,1810.348876953125
415.01,1810.348876953125
415.318,1794.300048828125
415.619,1794.300048828125
415.92,1791.48583984375
416.222,1790.4140625
416.524,1790.4140625
416.825,1787.30126953125
417.127,1787.30126953125
417.434,1787.30126953125
417.736,1787.30126953125
418.037,1787.30126953125
418.338,1787.30126953125
418.639,1787.30126953125
418.94,1787.30126953125
419.241,1776.112060546875
419.558,1774.89990234375
419.859,1774.89990234375
420.16,1770.8408203125
420.462,1769.485107421875
420.764,1768.097900390625
421.065,1767.08349609375
421.367,1766.07080078125
421.675,1764.78662109375
421.977,1764.78662109375
422.278,1764.78662109375
422.579,1764.78662109375
422.88,1764.78662109375
423.181,1764.78662109375
423.482,1764.78662109375
423.905,1764.78662109375
424.216,1764.78662109375
424.526,1764.78662109375
424.827,1764.78662109375
425.128,1764.78662109375
425.457,1745.59912109375
425.733,1742.90478515625
426.042,1741.522705078125
426.343,1741.522705078125
426.644,1738.828125
426.946,1737.513427734375
427.248,1737.513427734375
427.549,1737.513427734375
427.85,1737.513427734375
428.157,1737.513427734375
428.458,1737.513427734375
428.759,1737.513427734375
429.06,1737.513427734375
429.361,1726.44677734375
429.663,1725.368896484375
429.985,1724.00390625
430.268,1721.681640625
430.569,1721.681640625
430.87,1718.937744140625
431.172,1717.50634765625
431.474,1716.588623046875
431.776,1715.738037109375
432.078,1714.3662109375
432.386,1714.3662109375
432.687,1714.3662109375
432.988,1714.3662109375
433.289,1714.3662109375
433.59,1714.3662109375
433.9,1714.3662109375
434.21,1714.3662109375
434.633,1714.3662109375
434.935,1714.3662109375
435.236,1700.235595703125
435.538,1699.012451171875
435.84,1699.012451171875
436.166,1699.012451171875
436.442,1693.80224609375
436.75,1692.515869140625
437.052,1692.515869140625
437.353,1692.515869140625
437.654,1692.515869140625
437.955,1692.515869140625
438.256,1692.515869140625
438.557,1692.515869140625
438.864,1692.515869140625
439.166,1692.515869140625
439.467,1681.08251953125
439.769,1680.0107421875
440.071,1678.801513671875
440.373,1678.02197265625
440.695,1676.626708984375
440.977,1674.1630859375
441.279,1674.1630859375
441.58,1671.13623046875
441.882,1669.798828125
442.184,1668.568115234375
442.486,1668.568115234375
442.787,1668.568115234375
443.094,1668.568115234375
443.395,1668.568115234375
443.696,1668.568115234375
444.006,1668.568115234375
444.316,1668.568115234375
444.626,1668.568115234375
444.936,1668.568115234375
445.243,1668.568115234375
445.544,1668.568115234375
445.845,1650.27978515625
446.147,1648.91357421875
446.449,1647.605224609375
446.751,1646.331787109375
447.053,1645.236083984375
447.362,1644.333251953125
447.663,1644.333251953125
447.964,1644.333251953125
448.265,1644.333251953125
448.566,1644.333251953125
448.867,1644.333251953125
449.168,1644.333251953125
449.481,1644.333251953125
449.783,1644.333251953125
450.084,1632.005615234375
450.386,1630.806884765625
450.688,1629.526611328125
450.99,1628.619140625
451.292,1627.674560546875
451.6,1626.508056640625
451.902,1626.508056640625
452.231,1623.46435546875
452.532,1623.46435546875
452.833,1623.46435546875
453.134,1623.46435546875
453.435,1623.46435546875
453.742,1623.46435546875
454.052,1623.46435546875
454.362,1623.46435546875
454.672,1623.46435546875
454.982,1623.46435546875
455.283,1623.46435546875
455.584,1606.550048828125
455.892,1605.359619140625
456.207,1605.359619140625
456.483,1601.697021484375
456.785,1600.5224609375
457.087,1599.030517578125
457.389,1597.3505859375
457.691,1597.3505859375
457.998,1597.3505859375
458.3,1597.3505859375
458.601,1597.3505859375
458.902,1597.3505859375
459.203,1597.3505859375
459.504,1597.3505859375
459.805,1585.325439453125
460.113,1583.78759765625
460.415,1583.78759765625
460.735,1580.120361328125
461.01,1577.606201171875
461.312,1576.348388671875
461.614,1574.72412109375
461.916,1573.44384765625
462.223,1572.481689453125
462.525,1572.481689453125
462.826,1572.481689453125
463.127,1572.481689453125
463.428,1572.481689453125
463.729,1572.481689453125
464.03,1572.481689453125
464.453,1572.481689453125
464.763,1572.481689453125
465.073,1572.481689453125
465.374,1572.481689453125
465.675,1556.118408203125
465.977,1556.118408203125
466.278,1553.124755859375
466.586,1551.511962890625
466.916,1551.511962890625
467.192,1547.755859375
467.493,1546.5048828125
467.795,1546.5048828125
468.096,1546.5048828125
468.397,1546.5048828125
468.704,1546.5048828125
469.006,1546.5048828125
469.307,1546.5048828125
469.608,1546.5048828125
469.909,1535.12646484375
470.21,1533.92431640625
470.512,1532.68896484375
470.82,1531.75830078125
471.122,1531.75830078125
471.423,1531.75830078125
471.724,1526.09423828125
472.026,1524.325927734375
472.328,1522.800048828125
472.63,1521.63916015625
472.938,1521.63916015625
473.24,1521.63916015625
473.541,1521.63916015625
473.842,1521.63916015625
474.143,1521.63916015625
474.453,1521.63916015625
474.763,1521.63916015625
475.186,1521.63916015625
475.488,1521.63916015625
475.789,1506.864990234375
476.091,1505.551025390625
476.393,1503.874267578125
476.695,1501.91943359375
476.997,1500.911376953125
477.306,1499.85986328125
477.627,1499.85986328125
477.928,1499.85986328125
478.229,1499.85986328125
478.53,1499.85986328125
478.831,1499.85986328125
479.132,1499.85986328125
479.439,1499.85986328125
479.74,1499.85986328125
480.041,1485.55615234375
480.343,1484.284912109375
480.645,1482.685791015625
480.947,1481.388671875
481.249,1479.916748046875
481.557,1478.204833984375
481.879,1478.204833984375
482.155,1473.701904296875
482.457,1472.393310546875
482.759,1470.966796875
483.061,1470.966796875
483.362,1470.966796875
483.669,1470.966796875
483.971,1470.966796875
484.272,1470.966796875
484.582,1470.966796875
484.892,1470.966796875
485.202,1470.966796875
485.512,1470.966796875
485.819,1470.966796875
486.132,1470.966796875
486.408,1452.4208984375
486.709,1450.81201171875
487.011,1449.364501953125
487.313,1447.978515625
487.615,1447.027099609375
487.922,1447.027099609375
488.224,1447.027099609375
488.525,1447.027099609375
488.826,1447.027099609375
489.127,1447.027099609375
489.428,1447.027099609375
489.729,1447.027099609375
490.036,1447.027099609375
490.338,1447.027099609375
490.66,1432.22265625
490.935,1429.4541015625
491.237,1428.103759765625
491.539,1427.301025390625
491.841,1426.467529296875
492.149,1425.274169921875
492.45,1425.274169921875
492.751,1422.2314453125
493.053,1420.729736328125
493.355,1420.729736328125
493.656,1420.729736328125
493.957,1420.729736328125
494.264,1420.729736328125
494.565,1420.729736328125
494.875,1420.729736328125
495.185,1420.729736328125
495.495,1420.729736328125
495.805,1420.729736328125
496.106,1420.729736328125
496.414,1403.4384765625
496.715,1403.4384765625
497.016,1400.49609375
497.318,1398.8330078125
497.62,1397.468994140625
497.944,1396.197265625
498.245,1396.197265625
498.552,1396.197265625
498.853,1396.197265625
499.154,1396.197265625
499.455,1396.197265625
499.756,1396.197265625
500.057,1396.197265625
500.358,1383.40771484375
500.666,1381.95849609375
500.968,1381.95849609375
501.269,1379.52294921875
501.571,1377.465576171875
501.873,1375.822509765625
502.195,1374.489990234375
502.471,1371.92724609375
502.778,1370.513427734375
503.08,1370.513427734375
503.381,1370.513427734375
503.682,1370.513427734375
503.983,1370.513427734375
504.284,1370.513427734375
504.585,1370.513427734375
505.008,1370.513427734375
505.429,1370.513427734375
505.739,1370.513427734375
506.04,1370.513427734375
506.341,1354.748046875
506.643,1353.49462890625
506.951,1352.02685546875
507.274,1352.02685546875
507.55,1347.90771484375
507.852,1346.16552734375
508.154,1344.40625
508.456,1344.40625
508.757,1344.40625
509.064,1344.40625
509.366,1344.40625
509.667,1344.40625
509.968,1344.40625
510.269,1344.40625
510.57,1332.266357421875
510.872,1330.780517578125
511.181,1329.190673828125
511.482,1329.190673828125
511.802,1326.09130859375
512.078,1323.06298828125
512.38,1321.72705078125
512.682,1320.622314453125
512.984,1319.334716796875
513.293,1317.93017578125
513.594,1317.93017578125
513.895,1317.93017578125
514.196,1317.93017578125
514.497,1317.93017578125
514.798,1317.93017578125
515.108,1317.93017578125
515.531,1317.93017578125
515.841,1317.93017578125
516.142,1317.93017578125
516.443,1302.072021484375
516.745,1300.074951171875
517.047,1298.61865234375
517.349,1297.54541015625
517.657,1295.85400390625
517.984,1295.85400390625
518.26,1291.460693359375
518.562,1291.460693359375
518.863,1291.460693359375
519.164,1291.460693359375
519.465,1291.460693359375
519.772,1291.460693359375
520.074,1291.460693359375
520.375,1291.460693359375
520.676,1280.141357421875
520.978,1278.670166015625
521.28,1277.36962890625
521.582,1276.20556640625
521.89,1275.13427734375
522.192,1275.13427734375
522.512,1271.9130859375
522.787,1270.08984375
523.089,1268.814453125
523.391,1267.148681640625
523.692,1267.148681640625
523.999,1267.148681640625
524.3,1267.148681640625
524.601,1267.148681640625
524.902,1267.148681640625
525.212,1267.148681640625
525.522,1267.148681640625
525.832,1267.148681640625
526.255,1267.148681640625
526.557,1267.148681640625
526.858,1249.506103515625
527.16,1247.565185546875
527.462,1245.90673828125
527.764,1244.554443359375
528.066,1242.927978515625
528.375,1241.31884765625
528.676,1241.31884765625
528.977,1241.31884765625
529.278,1241.31884765625
529.579,1241.31884765625
529.88,1241.31884765625
530.181,1241.31884765625
530.488,1241.31884765625
530.79,1241.31884765625
531.091,1228.2734375
531.393,1226.852783203125
531.695,1225.451416015625
531.997,1223.86572265625
532.299,1222.5009765625
532.607,1221.108642578125
532.909,1221.108642578125
533.221,1217.999267578125
533.496,1215.072021484375
533.798,1215.072021484375
534.099,1215.072021484375
534.4,1215.072021484375
534.707,1215.072021484375
535.008,1215.072021484375
535.318,1215.072021484375
535.628,1215.072021484375
535.938,1215.072021484375
536.248,1215.072021484375
536.549,1215.072021484375
536.856,1215.072021484375
537.158,1215.072021484375
537.473,1197.892822265625
537.748,1195.028564453125
538.05,1193.7802734375
538.352,1192.405029296875
538.654,1190.972412109375
538.962,1190.972412109375
539.264,1190.972412109375
539.565,1190.972412109375
539.866,1190.972412109375
540.167,1190.972412109375
540.468,1190.972412109375
540.769,1190.972412109375
541.076,1180.118896484375
541.378,1180.118896484375
541.679,1177.369384765625
542.001,1176.094482421875
542.276,1173.286865234375
542.578,1171.867431640625
542.88,1170.29150390625
543.188,1168.9609375
543.49,1168.9609375
543.791,1166.47314453125
544.093,1166.47314453125
544.394,1166.47314453125
544.695,1166.47314453125
544.996,1166.47314453125
545.303,1166.47314453125
545.614,1166.47314453125
545.924,1166.47314453125
546.234,1166.47314453125
546.544,1166.47314453125
546.845,1166.47314453125
547.146,1147.58642578125
547.455,1145.935302734375
547.756,1145.935302734375
548.057,1143.050537109375
548.359,1141.740234375
548.661,1140.234619140625
548.963,1138.829833984375
549.265,1138.829833984375
549.572,1138.829833984375
549.874,1138.829833984375
550.175,1138.829833984375
550.476,1138.829833984375
550.777,1138.829833984375
551.078,1125.2900390625
551.38,1124.245849609375
551.688,1122.875244140625
551.99,1122.875244140625
552.291,1120.667236328125
552.593,1119.462890625
552.895,1118.1171875
553.197,1116.667724609375
553.499,1115.15087890625
553.82,1113.75927734375
554.121,1113.75927734375
554.422,1113.75927734375
554.723,1113.75927734375
555.024,1113.75927734375
555.325,1113.75927734375
555.635,1113.75927734375
556.058,1113.75927734375
556.369,1113.75927734375
556.67,1113.75927734375
556.971,1097.45556640625
557.273,1096.0274658203125
557.575,1094.2969970703125
557.877,1092.5009765625
558.185,1090.958984375
558.487,1090.958984375
558.788,1088.1884765625
559.09,1086.951416015625
559.392,1086.951416015625
559.693,1086.951416015625
559.994,1086.951416015625
560.301,1086.951416015625
560.603,1086.951416015625
560.904,1086.951416015625
561.214,1086.951416015625
561.49,1074.1220703125
561.791,1072.2401123046875
562.093,1070.7640380859375
562.402,1069.0556640625
562.703,1069.0556640625
563.004,1066.259033203125
563.306,1064.8521728515625
563.608,1063.655517578125
563.91,1062.053466796875
564.212,1060.5361328125
564.52,1060.5361328125
564.822,1060.5361328125
565.123,1060.5361328125
565.424,1060.5361328125
565.734,1060.5361328125
566.044,1060.5361328125
566.354,1060.5361328125
566.777,1060.5361328125
567.078,1060.5361328125
567.396,1042.7908935546875
567.671,1040.0418701171875
567.973,1038.9171142578125
568.275,1037.77001953125
568.577,1036.2952880859375
568.885,1034.817626953125
569.186,1034.817626953125
569.487,1034.817626953125
569.788,1034.817626953125
570.089,1034.817626953125
570.39,1034.817626953125
570.691,1034.817626953125
570.998,1034.817626953125
571.3,1034.817626953125
571.601,1018.846435546875
571.925,1017.24658203125
572.201,1014.568603515625
572.502,1013.230224609375
572.804,1011.9671630859375
573.112,1010.59130859375
573.414,1010.59130859375
573.715,1008.1705322265625
574.017,1006.937744140625
574.319,1005.4932861328125
574.621,1005.4932861328125
574.922,1005.4932861328125
575.229,1005.4932861328125
575.531,1005.4932861328125
575.841,1005.4932861328125
576.151,1005.4932861328125
576.461,1005.4932861328125
576.771,1005.4932861328125
577.072,1005.4932861328125
577.379,990.437255859375
577.681,990.437255859375
577.982,987.35595703125
578.284,985.954345703125
578.586,984.3853759765625
578.888,982.7747802734375
579.21,981.5908203125
579.517,981.5908203125
579.819,981.5908203125
580.12,981.5908203125
580.421,981.5908203125
580.722,981.5908203125
581.023,981.5908203125
581.324,981.5908203125
581.631,967.9390869140625
581.933,967.9390869140625
582.234,964.74609375
582.536,963.37646484375
582.838,961.715087890625
583.14,959.877685546875
583.462,957.8563232421875
583.744,954.5118408203125
584.046,954.5118408203125
584.347,951.4705810546875
584.648,951.4705810546875
584.949,951.4705810546875
585.25,951.4705810546875
585.551,951.4705810546875
585.974,951.4705810546875
586.285,951.4705810546875
586.595,951.4705810546875
586.896,951.4705810546875
587.197,935.996826171875
587.499,934.8179931640625
587.801,933.4478759765625
588.109,932.06103515625
588.411,932.06103515625
588.712,929.231201171875
589.014,927.8289794921875
589.316,925.964599609375
589.618,924.8040771484375
589.92,924.8040771484375
590.227,924.8040771484375
590.528,924.8040771484375
590.829,924.8040771484375
591.13,924.8040771484375
591.431,924.8040771484375
591.732,913.010986328125
592.034,912.0308837890625
592.343,910.466064453125
592.644,910.466064453125
592.945,907.4293212890625
593.247,905.79638671875
593.549,904.5291748046875
593.851,903.17578125
594.17,902.0146484375
594.452,898.36181640625
594.754,898.36181640625
595.055,898.36181640625
595.356,898.36181640625
595.657,898.36181640625
595.967,898.36181640625
596.277,898.36181640625
596.7,898.36181640625
597.001,898.36181640625
597.331,885.985107421875
597.606,883.2314453125
597.908,881.8038330078125
598.21,880.171630859375
598.512,878.643310546875
598.82,877.489501953125
599.122,877.489501953125
599.423,874.2838134765625
599.725,872.7197265625
600.027,872.7197265625
600.328,872.7197265625
600.629,872.7197265625
600.936,872.7197265625
601.237,872.7197265625
601.538,872.7197265625
601.861,872.7197265625
602.137,858.21142578125
602.439,856.3333740234375
602.741,854.6055908203125
603.049,852.984130859375
603.351,852.984130859375
603.652,850.2052001953125
603.954,848.9674072265625
604.256,847.5880126953125
604.558,846.1866455078125
604.86,845.0498046875
605.168,845.0498046875
605.47,845.0498046875
605.771,845.0498046875
606.081,845.0498046875
606.391,845.0498046875
606.701,845.0498046875
607.011,845.0498046875
607.318,845.0498046875
607.62,845.0498046875
607.921,827.0677490234375
608.223,825.18798828125
608.55,824.144287109375
608.825,821.029296875
609.127,818.7999267578125
609.436,816.9818115234375
609.737,816.9818115234375
610.038,816.9818115234375
610.339,816.9818115234375
610.64,816.9818115234375
610.941,816.9818115234375
611.242,816.9818115234375
611.549,816.9818115234375
611.851,816.9818115234375
612.152,804.50048828125
612.454,803.27734375
612.756,801.9832763671875
613.079,800.735107421875
613.355,797.772705078125
613.662,796.1441650390625
613.964,796.1441650390625
614.265,793.3779296875
614.567,791.9530029296875
614.869,790.5831298828125
615.171,790.5831298828125
615.472,790.5831298828125
615.779,790.5831298828125
616.09,790.5831298828125
616.4,790.5831298828125
616.71,790.5831298828125
617.02,790.5831298828125
617.321,790.5831298828125
617.622,776.53173828125
617.931,775.1954345703125
618.232,775.1954345703125
618.558,772.4168701171875
618.834,769.6068115234375
619.136,767.9932861328125
619.438,766.4197998046875
619.74,765.02783203125
620.048,763.41943359375
620.35,763.41943359375
620.651,763.41943359375
620.952,763.41943359375
621.253,763.41943359375
621.554,763.41943359375
621.855,763.41943359375
622.162,763.41943359375
622.464,763.41943359375
622.765,748.992431640625
623.085,747.3135986328125
623.361,744.3929443359375
623.662,742.9403076171875
623.964,741.2178955078125
624.272,739.541259765625
624.574,739.541259765625
624.875,736.57861328125
625.177,734.8699951171875
625.479,734.8699951171875
625.78,734.8699951171875
626.09,734.8699951171875
626.513,734.8699951171875
626.823,734.8699951171875
627.124,734.8699951171875
627.454,734.8699951171875
627.73,720.629150390625
628.032,718.7996826171875
628.334,717.2078857421875
628.642,715.563720703125
628.944,715.563720703125
629.245,713.0966796875
629.547,711.751220703125
629.849,710.0189208984375
630.151,708.61767578125
630.453,707.2740478515625
630.761,707.2740478515625
631.062,707.2740478515625
631.363,707.2740478515625
631.664,707.2740478515625
631.965,707.2740478515625
632.266,707.2740478515625
632.567,694.306396484375
632.875,692.9608154296875
633.177,692.9608154296875
633.478,689.898681640625
633.78,688.3826904296875
634.082,687.04443359375
634.384,685.6248779296875
634.686,684.289794921875
635.019,682.718994140625
635.321,682.718994140625
635.622,682.718994140625
635.923,682.718994140625
636.233,682.718994140625
636.543,682.718994140625
636.853,682.718994140625
637.276,682.718994140625
637.598,682.718994140625
637.874,666.471435546875
638.176,664.8673095703125
638.478,663.1363525390625
638.78,661.234619140625
639.082,659.6820068359375
639.39,658.023193359375
639.692,658.023193359375
639.993,655.26953125
640.295,653.3955078125
640.597,651.8509521484375
640.899,651.8509521484375
641.2,651.8509521484375
641.507,651.8509521484375
641.809,651.8509521484375
642.11,651.8509521484375
642.411,651.8509521484375
642.712,638.7139892578125
643.014,637.54638671875
643.316,636.24169921875
643.624,634.947265625
643.926,634.947265625
644.227,632.1754150390625
644.529,630.9317626953125
644.831,629.7471923828125
645.155,628.6761474609375
645.457,628.6761474609375
645.765,628.6761474609375
646.066,628.6761474609375
646.376,628.6761474609375
646.686,628.6761474609375
646.996,628.6761474609375
647.306,628.6761474609375
647.607,628.6761474609375
647.914,616.2247314453125
648.216,616.2247314453125
648.517,613.230712890625
648.844,611.9825439453125
649.119,609.164794921875
649.421,607.597412109375
649.723,605.7100830078125
650.031,604.189208984375
650.333,604.189208984375
650.634,601.9805908203125
650.936,601.9805908203125
651.237,601.9805908203125
651.538,601.9805908203125
651.839,601.9805908203125
652.146,601.9805908203125
652.448,601.9805908203125
652.749,601.9805908203125
653.05,589.6982421875
653.37,588.1424560546875
653.646,585.3621826171875
653.948,583.82177734375
654.256,582.3834228515625
654.558,582.3834228515625
654.859,579.4456787109375
655.161,579.4456787109375
655.462,577.6146240234375
655.764,576.2685546875
656.066,576.2685546875
656.489,576.2685546875
656.799,576.2685546875
657.109,576.2685546875
657.41,576.2685546875
657.74,576.2685546875
658.016,562.865478515625
658.318,561.2647705078125
658.626,559.147216796875
658.928,559.147216796875
659.229,556.189697265625
659.531,554.6414794921875
659.833,553.03759765625
660.135,551.8328857421875
660.437,550.64453125
660.78,549.244384765625
661.081,549.244384765625
661.382,549.244384765625
661.683,549.244384765625
661.984,549.244384765625
662.285,549.244384765625
662.586,549.244384765625
662.893,549.244384765625
663.195,549.244384765625
663.496,535.961669921875
663.798,534.645751953125
664.1,533.5714111328125
664.402,531.919921875
664.704,530.3287353515625
665.03,528.862548828125
665.332,528.862548828125
665.633,525.7869873046875
665.935,524.6102294921875
666.237,524.6102294921875
666.547,524.6102294921875
666.857,524.6102294921875
667.28,524.6102294921875
667.581,524.6102294921875
667.913,516.9337158203125
668.188,514.0972900390625
668.49,512.7115478515625
668.792,511.405517578125
669.094,510.2261962890625
669.402,509.2076416015625
669.703,509.2076416015625
670.004,507.2203369140625
670.306,505.985595703125
670.608,504.72900390625
670.91,503.5394287109375
671.212,502.4129638671875
671.52,502.4129638671875
671.821,502.4129638671875
672.122,502.4129638671875
672.423,502.4129638671875
672.724,502.4129638671875
673.025,502.4129638671875
673.326,491.1822509765625
673.634,489.9305419921875
673.936,489.9305419921875
674.237,488.0379638671875
674.539,487.1063232421875
674.841,485.8013916015625
675.143,484.4791259765625
675.47,483.1514892578125
675.752,480.5810546875
676.054,480.5810546875
676.355,480.5810546875
676.665,480.5810546875
676.975,480.5810546875
677.285,480.5810546875
677.595,480.5810546875
677.902,480.5810546875
678.204,480.5810546875
678.505,468.3876953125
678.807,466.9805908203125
679.132,465.7275390625
679.408,463.88134765625
679.71,462.366943359375
680.017,461.1004638671875
680.319,461.1004638671875
680.62,458.3514404296875
680.922,457.195068359375
681.224,455.9642333984375
681.526,455.9642333984375
681.827,455.9642333984375
682.134,455.9642333984375
682.435,455.9642333984375
682.736,455.9642333984375
683.037,455.9642333984375
683.338,455.9642333984375
683.658,444.563720703125
683.933,442.4918212890625
684.241,441.225341796875
684.542,441.225341796875
684.843,438.3895263671875
685.145,437.0360107421875
685.447,435.2884521484375
685.749,433.891845703125
686.051,432.3876953125
686.359,430.8785400390625
686.67,430.8785400390625
686.98,430.8785400390625
687.29,430.8785400390625
687.6,430.8785400390625
687.901,430.8785400390625
688.202,422.4210205078125
688.51,421.188232421875
688.812,421.188232421875
689.137,418.19677734375
689.413,415.9053955078125
689.714,414.5089111328125
690.016,412.8936767578125
690.318,410.949951171875
690.625,409.2672119140625
690.927,409.2672119140625
691.228,406.8499755859375
691.53,405.380615234375
691.832,405.380615234375
692.133,405.380615234375
692.434,405.380615234375
692.741,405.380615234375
693.043,405.380615234375
693.344,405.380615234375
693.663,405.380615234375
693.939,390.594970703125
694.24,389.18359375
694.542,388.1729736328125
694.85,387.3145751953125
695.152,387.3145751953125
695.453,385.171630859375
695.755,383.853759765625
696.057,382.675048828125
696.359,381.4354248046875
696.67,380.1209716796875
697.093,380.1209716796875
697.404,380.1209716796875
697.705,380.1209716796875
698.035,380.1209716796875
698.311,371.7235107421875
698.612,370.2227783203125
698.914,368.8206787109375
699.222,367.363525390625
699.524,367.363525390625
699.825,364.5006103515625
700.127,362.8123779296875
700.429,361.49462890625
700.731,360.04248046875
701.066,359.083984375
701.349,355.6285400390625
701.65,355.6285400390625
701.951,355.6285400390625
702.252,355.6285400390625
702.553,355.6285400390625
702.854,355.6285400390625
703.155,355.6285400390625
703.462,355.6285400390625
703.764,355.6285400390625
704.065,341.618896484375
704.367,340.1966552734375
704.669,338.63037109375
704.971,337.2071533203125
705.273,335.62548828125
705.6,333.73876953125
705.902,333.73876953125
706.203,329.160888671875
706.505,327.43408203125
706.816,325.857177734375
707.126,325.857177734375
707.436,325.857177734375
707.859,325.857177734375
708.18,325.857177734375
708.456,316.028076171875
708.758,314.4205322265625
709.06,313.076904296875
709.362,311.491943359375
709.663,310.094482421875
709.971,308.5123291015625
710.272,308.5123291015625
710.573,305.3968505859375
710.875,303.88037109375
711.177,302.81982421875
711.487,301.9095458984375
711.763,299.431396484375
712.071,299.431396484375
712.373,299.431396484375
712.674,299.431396484375
712.975,299.431396484375
713.276,299.431396484375
713.577,299.431396484375
713.878,299.431396484375
714.185,288.42578125
714.486,288.42578125
714.787,285.956298828125
715.089,284.660400390625
715.391,283.443359375
715.693,282.0054931640625
716.015,280.746337890625
716.297,278.332763671875
716.599,278.332763671875
716.909,275.652587890625
717.219,275.652587890625
717.529,275.652587890625
717.839,275.652587890625
718.14,275.652587890625
718.447,268.915283203125
718.748,268.915283203125
719.049,266.2186279296875
719.375,264.8948974609375
719.651,262.134033203125
719.953,260.6292724609375
720.255,259.1171875
720.563,257.65869140625
720.865,257.65869140625
721.166,255.191162109375
721.468,253.435302734375
721.77,251.6630859375
722.072,250.1846923828125
722.374,249.3720703125
722.682,249.3720703125
722.984,249.3720703125
723.285,249.3720703125
723.586,249.3720703125
723.887,249.3720703125
724.188,249.3720703125
724.489,237.5421142578125
724.797,236.176513671875
725.099,236.176513671875
725.4,233.337158203125
725.702,231.5263671875
726.004,230.0955810546875
726.306,230.0955810546875
726.607,226.8592529296875
727.056,225.4532470703125
727.366,225.4532470703125
727.676,225.4532470703125
727.977,225.4532470703125
728.278,216.416015625
728.58,215.0826416015625
728.882,215.0826416015625
729.189,212.638916015625
729.49,212.638916015625
729.791,210.173828125
730.108,208.8519287109375
730.384,206.2293701171875
730.685,204.8280029296875
730.987,203.3751220703125
731.295,201.9913330078125
731.597,201.9913330078125
731.898,198.4781494140625
732.2,197.08837890625
732.502,195.7156982421875
732.804,195.7156982421875
733.105,195.7156982421875
733.412,195.7156982421875
733.714,195.7156982421875
734.015,195.7156982421875
734.316,195.7156982421875
734.635,195.7156982421875
734.911,181.43408203125
735.213,180.161376953125
735.521,178.648681640625
735.823,178.648681640625
736.124,175.453369140625
736.426,173.97802734375
736.728,172.394287109375
737.039,171.0540771484375
737.349,171.0540771484375
737.772,171.0540771484375
738.074,171.0540771484375
738.375,163.1943359375
738.677,161.35791015625
738.989,159.920166015625
739.265,156.8104248046875
739.567,155.1312255859375
739.875,153.4420166015625
740.177,153.4420166015625
740.478,150.7530517578125
740.78,149.5472412109375
741.082,147.5660400390625
741.384,146.597900390625
741.686,145.6595458984375
742.028,144.453857421875
742.33,144.453857421875
742.631,140.10400390625
742.933,140.10400390625
743.234,140.10400390625
743.535,140.10400390625
743.836,140.10400390625
744.143,140.10400390625
744.445,140.10400390625
744.746,140.10400390625
745.047,126.296630859375
745.349,125.0953369140625
745.651,123.5673828125
745.953,122.255615234375
746.278,120.6524658203125
746.58,120.6524658203125
746.881,116.3282470703125
747.192,114.93505859375
747.502,114.93505859375
747.812,114.93505859375
748.122,114.93505859375
748.429,114.93505859375
748.731,114.93505859375
749.032,106.9027099609375
749.334,105.9049072265625
749.636,104.64794921875
749.938,103.1248779296875
750.24,101.875
750.562,100.5858154296875
750.863,100.5858154296875
751.164,96.959228515625
751.466,95.36572265625
751.768,93.980712890625
752.07,92.8095703125
752.372,91.2667236328125
752.681,89.86480712890625
752.982,89.86480712890625
753.283,89.86480712890625
753.584,89.86480712890625
753.885,89.86480712890625
754.186,89.86480712890625
754.487,89.86480712890625
754.794,89.86480712890625
755.096,75.98388671875
755.398,74.8162841796875
755.7,73.67108154296875
756.002,72.79638671875
756.304,71.65008544921875
756.606,70.3489990234375
756.914,69.01727294921875
757.225,69.01727294921875
757.535,69.01727294921875
757.845,69.01727294921875
758.155,69.01727294921875
758.456,69.01727294921875
758.757,59.69110107421875
759.066,58.288818359375
759.367,58.288818359375
759.668,55.363037109375
759.97,53.63739013671875
760.272,52.02581787109375
760.588,50.4425048828125
760.863,47.42083740234375
761.172,45.4007568359375
761.473,45.4007568359375
761.774,43.04278564453125
762.075,41.762939453125
762.377,40.53326416015625
762.679,39.232421875
762.981,37.99700927734375
763.289,36.91534423828125
763.59,36.91534423828125
763.891,36.91534423828125
764.192,36.91534423828125
764.493,36.91534423828125
764.794,36.91534423828125
765.095,36.91534423828125
765.402,25.83258056640625
765.703,25.83258056640625
766.004,23.2564697265625
766.306,21.89031982421875
766.608,20.4599609375
766.909,18.9407958984375
767.211,17.42059326171875
767.635,16.2353515625
767.946,16.2353515625
768.256,16.2353515625
768.557,16.2353515625
768.858,16.2353515625
769.159,6.99810791015625
769.461,5.9144287109375
769.769,5.9144287109375
770.07,5.9144287109375
770.371,5.9144287109375
770.672,5.9144287109375
770.973,5.9144287109375
771.274,5.9144287109375
771.575,5.9144287109375
771.882,5.9144287109375
772.184,5.9144287109375
772.485,5.9144287109375
772.786,5.9144287109375
773.087,5.9144287109375
773.388,5.9144287109375
773.689,5.9144287109375
773.996,5.9144287109375
774.298,5.9144287109375
774.599,5.9144287109375
774.9,5.9144287109375
775.201,5.9144287109375
775.502,5.9144287109375
775.803,5.9144287109375
776.11,5.9144287109375
776.412,5.9144287109375
776.713,0.77984619140625
777.015,0.77984619140625
777.316,0.8248291015625
777.627,0.8248291015625
777.937,0.8248291015625
778.36,0.8248291015625
778.661,0.8248291015625
778.962,0.8248291015625
779.263,0.8248291015625
779.564,0.8248291015625
779.865,0.8248291015625
780.166,0.8248291015625
780.473,0.8248291015625
780.775,0.8248291015625
781.076,0.8248291015625
781.377,0.8248291015625
781.678,0.8248291015625
781.979,0.8248291015625
782.28,0.8248291015625
782.587,0.8248291015625
782.889,0.8248291015625
783.19,0.8248291015625
783.491,0.8248291015625
783.792,0.8248291015625
784.093,0.8248291015625
784.394,0.8248291015625
784.701,0.8248291015625
785.002,0.8248291015625
785.303,0.8248291015625
785.604,0.8248291015625
785.905,0.8248291015625
786.206,0.8248291015625
786.507,0.8248291015625
786.814,0.8248291015625
787.115,0.8248291015625
787.416,0.8248291015625
787.726,0.8248291015625
788.036,0.8248291015625
788.346,0.8248291015625
788.656,0.8248291015625
788.963,0.8248291015625
789.265,0.8248291015625
789.566,0.8248291015625
789.867,0.8248291015625
790.168,0.8248291015625
790.469,0.8248291015625
790.77,0.8248291015625
791.077,0.8248291015625
791.379,0.8248291015625
791.68,0.8248291015625
791.981,0.8248291015625
792.282,0.8248291015625
792.583,0.8248291015625
792.884,0.8248291015625
793.191,0.8248291015625
793.493,0.8248291015625
793.794,0.8248291015625
794.095,0.8248291015625
794.396,0.8248291015625
794.697,0.8248291015625
794.998,0.8248291015625
795.305,0.8248291015625
795.607,0.8248291015625
795.908,0.8248291015625
796.209,0.8248291015625
796.51,0.8248291015625
796.811,0.8248291015625
797.112,0.8248291015625
797.419,0.8248291015625
797.729,0.8248291015625
798.039,0.8248291015625
798.349,0.8248291015625
798.659,0.8248291015625
798.96,0.8248291015625
799.261,0.8248291015625
799.568,0.8248291015625
799.869,0.8248291015625
800.17,0.8248291015625
800.471,0.8248291015625
