relseconds,latitude,longitude,altitude,groundspeed
24.479,0,0,-0.8968505859375,0
24.755,0,0,-0.79974365234375,0
25.063,0,0,-0.77801513671875,0
25.365,0,0,-0.77801513671875,0
25.666,0,0,-0.700439453125,0
25.968,0,0,-0.700439453125,0
26.269,0,0,-0.700439453125,0
26.57,0,0,-0.700439453125,0
26.871,0,0,-0.700439453125,0
27.178,0,0,-0.700439453125,0
27.48,0,0,-0.700439453125,0
27.781,0,0,-0.700439453125,0
28.082,0,0,-0.76715087890625,0
28.384,0,0,-0.6378173828125,0
28.695,0,0,-0.66375732421875,0
29.005,0,0,-0.66375732421875,0
29.428,0,0,-0.66375732421875,0
29.73,0,0,-0.66375732421875,0
30.031,0,0,-0.73248291015625,0
30.333,0,0,-0.80828857421875,0
30.661,0,0,-0.80316162109375,0
30.962,0,0,-0.80316162109375,0
31.263,0,0,-0.80316162109375,0
31.57,0,0,-0.80316162109375,0
31.872,0,0,-0.80316162109375,0
32.173,0,0,-0.80316162109375,0
32.474,0,0,-0.80316162109375,0
32.775,0,0,-0.80316162109375,0
33.076,0,0,-0.84423828125,0
33.378,0,0,-0.7900390625,0
33.685,0,0,-0.87982177734375,0
33.987,0,0,-0.87982177734375,0
34.288,0,0,-0.8720703125,0
34.59,0,0,-0.96075439453125,0
34.913,0,0,-0.79046630859375,0
35.187,0,0,-0.92059326171875,0
35.489,0,0,-1.001708984375,0
35.797,0,0,-1.046875,0
36.099,0,0,-1.046875,0
36.4,0,0,-1.046875,0
36.701,0,0,-1.046875,0
37.002,0,0,-1.046875,0
37.303,0,0,-1.046875,0
37.604,0,0,-1.046875,0
37.911,0,0,-1.046875,0
38.213,0,0,-1.046875,0
38.514,0,0,-0.85284423828125,0
38.825,0,0,-0.89434814453125,0
39.135,0,0,-0.89434814453125,0
39.445,0,0,-0.89434814453125,0
39.755,0,0,-0.89434814453125,0
40.062,0,0,-0.89434814453125,0
40.364,0,0,-0.89434814453125,0
40.665,0,0,-0.83447265625,0
40.967,0,0,-0.869873046875,0
41.269,0,0,-0.869873046875,0
41.57,0,0,-0.869873046875,0
41.871,0,0,-0.869873046875,0
42.178,0,0,-0.869873046875,0
42.48,0,0,-0.869873046875,0
42.781,0,0,-0.869873046875,0
43.082,0,0,-0.869873046875,0
43.415,0,0,-0.53033447265625,0
43.691,0,0,-0.64434814453125,0
43.993,0,0,-0.622314453125,0
44.301,0,0,-0.65057373046875,0
44.603,0,0,-0.65057373046875,0
44.904,0,0,-0.69940185546875,0
45.206,0,0,-0.7392578125,0
45.508,0,0,-0.6678466796875,0
45.81,0,0,-0.73004150390625,0
46.112,0,0,-0.69818115234375,0
46.42,0,0,-0.69818115234375,0
46.721,0,0,-0.69818115234375,0
47.022,0,0,-0.69818115234375,0
47.323,0,0,-0.69818115234375,0
47.624,0,0,-0.69818115234375,0
47.925,0,0,-0.69818115234375,0
48.226,0,0,-0.7740478515625,0
48.534,0,0,-0.72161865234375,0
48.844,0,0,-0.72161865234375,0
49.154,0,0,-0.72161865234375,0
49.464,0,0,-0.72161865234375,0
49.774,0,0,-0.72161865234375,0
50.075,0,0,-0.72161865234375,0
50.376,0,0,-0.72161865234375,0
50.706,0,0,-0.8221435546875,0
51.008,0,0,-0.8221435546875,0
51.309,0,0,-0.8221435546875,0
51.61,0,0,-0.8221435546875,0
51.911,0,0,-0.8221435546875,0
52.212,0,0,-0.8221435546875,0
52.513,0,0,-0.8221435546875,0
52.82,0,0,-0.8221435546875,0
53.122,0,0,-0.8221435546875,0
53.423,0,0,-0.8177490234375,0
53.725,0,0,-0.8443603515625,0
54.027,0,0,-0.857177734375,0
54.329,0,0,-0.892333984375,0
54.631,0,0,-0.9573974609375,0
54.958,0,0,-0.8836669921875,0
55.26,0,0,-0.8836669921875,0
55.561,0,0,-0.706298828125,0
55.863,0,0,-0.72186279296875,0
56.165,0,0,-0.70562744140625,0
56.467,0,0,-0.70562744140625,0
56.768,0,0,-0.70562744140625,0
57.075,0,0,-0.70562744140625,0
57.377,0,0,-0.70562744140625,0
57.678,0,0,-0.70562744140625,0
57.979,0,0,-0.70562744140625,0
58.28,0,0,-0.70562744140625,0
58.581,0,0,-0.74969482421875,0
58.892,0,0,-0.74969482421875,0
59.315,0,0,-0.74969482421875,0
59.626,0,0,-0.74969482421875,0
59.927,0,0,-0.74969482421875,0
60.228,0,0,-0.82025146484375,0
60.53,0,0,-0.7750244140625,0
60.856,0,0,-0.80364990234375,0
61.132,0,0,-0.84381103515625,0
61.44,0,0,-0.84381103515625,0
61.742,0,0,-0.84381103515625,0
62.043,0,0,-0.84381103515625,0
62.344,0,0,-0.84381103515625,0
62.645,0,0,-0.84381103515625,0
62.946,0,0,-0.84381103515625,0
63.247,0,0,-0.84381103515625,0
63.554,0,0,-0.862060546875,0
63.856,0,0,-0.862060546875,0
64.157,0,0,-1.01251220703125,0
64.459,0,0,-1.10601806640625,0
64.761,0,0,-1.0048828125,0
65.063,0,0,-0.9429931640625,0
65.384,0,0,-0.994384765625,0
65.666,0,0,-0.9246826171875,0
65.968,0,0,-0.9246826171875,0
66.269,0,0,-0.948974609375,0
66.571,0,0,-0.948974609375,0
66.872,0,0,-0.948974609375,0
67.173,0,0,-0.948974609375,0
67.474,0,0,-0.948974609375,0
67.781,0,0,-0.948974609375,0
68.083,0,0,-0.948974609375,0
68.384,0,0,-0.948974609375,0
68.685,0,0,-0.8680419921875,0
68.996,0,0,-0.78173828125,0
69.306,0,0,-0.78173828125,0
69.616,0,0,-0.78173828125,0
70.039,0,0,-0.78173828125,0
70.34,0,0,-0.78173828125,0
70.641,0,0,-0.9005126953125,0
70.943,0,0,-0.9095458984375,0
71.245,0,0,-0.8505859375,0
71.547,0,0,-0.92169189453125,0
71.849,0,0,-0.92169189453125,0
72.156,0,0,-0.92169189453125,0
72.458,0,0,-0.92169189453125,0
72.759,0,0,-0.92169189453125,0
73.06,0,0,-0.92169189453125,0
73.361,0,0,-0.92169189453125,0
73.662,0,0,-0.90789794921875,0
73.964,0,0,-0.93072509765625,0
74.272,0,0,-0.78387451171875,0
74.574,0,0,-0.78387451171875,0
74.875,0,0,-0.90509033203125,0
75.177,0,0,-0.8480224609375,0
75.479,0,0,-0.86712646484375,0
75.781,0,0,-0.925537109375,0
76.083,0,0,-0.925537109375,0
76.39,0,0,-0.90679931640625,0
76.692,0,0,-0.90679931640625,0
76.993,0,0,-0.90679931640625,0
77.294,0,0,-0.90679931640625,0
77.595,0,0,-0.90679931640625,0
77.896,0,0,-0.90679931640625,0
78.197,0,0,-0.90679931640625,0
78.504,0,0,-0.90679931640625,0
78.806,0,0,-0.90679931640625,0
79.116,0,0,-0.94122314453125,0
79.426,0,0,-0.94122314453125,0
79.736,0,0,-0.94122314453125,0
80.046,0,0,-0.94122314453125,0
80.347,0,0,-0.94122314453125,0
80.655,0,0,-0.8330078125,0
80.956,0,0,-0.8330078125,0
81.257,0,0,-0.83837890625,0
81.559,0,0,-0.912109375,0
81.861,0,0,-0.912109375,0
82.162,0,0,-0.912109375,0
82.463,0,0,-0.912109375,0
82.769,0,0,-0.912109375,0
83.071,0,0,-0.912109375,0
83.372,0,0,-0.912109375,0
83.673,0,0,-0.912109375,0
83.974,0,0,-0.9432373046875,0
84.276,0,0,-0.88580322265625,0
84.597,0,0,-0.9119873046875,0
84.879,0,0,-0.92181396484375,0
85.181,0,0,-0.92181396484375,0
85.482,0,0,-0.8953857421875,0
85.784,0,0,-0.9754638671875,0
86.086,0,0,-0.985107421875,0
86.388,0,0,-0.952392578125,0
86.69,0,0,-0.9412841796875,0
86.998,0,0,-0.9412841796875,0
87.3,0,0,-0.9412841796875,0
87.601,0,0,-0.9412841796875,0
87.902,0,0,-0.9412841796875,0
88.203,0,0,-0.9412841796875,0
88.504,0,0,-0.9412841796875,0
88.805,0,0,-0.9412841796875,0
89.246,0,0,-0.94354248046875,0
89.557,0,0,-0.94354248046875,0
89.867,0,0,-0.94354248046875,0
90.168,0,0,-0.94354248046875,0
90.469,0,0,-0.94354248046875,0
90.778,0,0,-0.8447265625,0
91.054,0,0,-0.8338623046875,0
91.362,0,0,-0.9349365234375,0
91.664,0,0,-0.9349365234375,0
91.965,0,0,-0.9349365234375,0
92.266,0,0,-0.9349365234375,0
92.567,0,0,-0.9349365234375,0
92.868,0,0,-0.9349365234375,0
93.169,0,0,-0.9349365234375,0
93.476,0,0,-0.9349365234375,0
93.778,0,0,-0.9349365234375,0
94.079,0,0,-1.083740234375,0
94.381,0,0,-1.083740234375,0
94.682,0,0,-1.09735107421875,0
94.984,0,0,-1.03350830078125,0
95.306,0,0,-1.134033203125,0
95.588,0,0,-1.08111572265625,0
95.89,0,0,-1.08111572265625,0
96.191,0,0,-1.15045166015625,0
96.493,0,0,-1.155517578125,0
96.795,0,0,-1.0113525390625,0
97.097,0,0,-1.0113525390625,0
97.398,0,0,-1.0113525390625,0
97.705,0,0,-1.0113525390625,0
98.007,0,0,-1.0113525390625,0
98.308,0,0,-1.0113525390625,0
98.609,0,0,-1.0113525390625,0
98.91,0,0,-1.0113525390625,0
99.22,0,0,-1.0113525390625,0
99.53,0,0,-1.0113525390625,0
99.953,0,0,-1.0113525390625,0
100.254,0,0,-1.0113525390625,0
100.555,0,0,270.15380859375,0
100.857,0,0,316.4071044921875,0
101.158,0,0,387.3251953125,0
101.489,0,0,447.5269775390625,0
101.764,0,0,639.0218505859375,0
102.071,0,0,639.0218505859375,0
102.373,0,0,639.0218505859375,0
102.674,0,0,639.0218505859375,0
102.975,0,0,639.0218505859375,0
103.276,0,0,639.0218505859375,0
103.577,0,0,639.0218505859375,0
103.878,0,0,639.0218505859375,0
104.186,0,0,1231.1708984375,0
104.487,0,0,1231.1708984375,0
104.788,0,0,1347.848876953125,0
105.09,0,0,1400.861083984375,0
105.392,0,0,1459.12939453125,0
105.694,0,0,1515.890869140625,0
106.017,0,0,1572.6826171875,0
106.3,0,0,1675.35009765625,0
106.602,0,0,1675.35009765625,0
106.903,0,0,1779.9267578125,0
107.205,0,0,1779.9267578125,0
107.506,0,0,1779.9267578125,0
107.807,0,0,1779.9267578125,0
108.108,0,0,1779.9267578125,0
108.415,0,0,1779.9267578125,0
108.717,0,0,1779.9267578125,0
109.018,0,0,1779.9267578125,0
109.328,0,0,2176.35498046875,0
109.638,0,0,2176.35498046875,0
109.948,0,0,2176.35498046875,0
110.258,0,0,2176.35498046875,0
110.565,0,0,2176.35498046875,0
110.867,0,0,2176.35498046875,0
111.168,0,0,2452.3486328125,0
111.47,0,0,2485.96826171875,0
111.772,0,0,2522.541748046875,0
112.074,0,0,2558.115966796875,0
112.376,0,0,2558.115966796875,0
112.683,0,0,2558.115966796875,0
112.984,0,0,2558.115966796875,0
113.285,0,0,2558.115966796875,0
113.586,0,0,2558.115966796875,0
113.887,0,0,2558.115966796875,0
114.188,0,0,2558.115966796875,0
114.521,0,0,2820.10205078125,0
114.804,0,0,2872.215576171875,0
115.105,0,0,2872.215576171875,0
115.406,0,0,2921.289794921875,0
115.708,0,0,2945.9453125,0
116.01,0,0,2969.7138671875,0
116.312,0,0,2992.706298828125,0
116.614,0,0,3012.8173828125,0
116.922,0,0,3034.579833984375,0
117.224,0,0,3034.579833984375,0
117.525,0,0,3034.579833984375,0
117.826,0,0,3034.579833984375,0
118.127,0,0,3034.579833984375,0
118.428,0,0,3034.579833984375,0
118.729,0,0,3034.579833984375,0
119.036,0,0,3034.579833984375,0
119.347,0,0,3199.772705078125,0
119.657,0,0,3199.772705078125,0
119.967,0,0,3199.772705078125,0
120.277,0,0,3199.772705078125,0
120.578,0,0,3199.772705078125,0
120.879,0,0,3259.831298828125,0
121.187,0,0,3270.176513671875,0
121.488,0,0,3270.176513671875,0
121.807,0,0,3287.783935546875,0
122.082,0,0,3303.563720703125,0
122.384,0,0,3303.563720703125,0
122.685,0,0,3303.563720703125,0
122.986,0,0,3303.563720703125,0
123.293,0,0,3303.563720703125,0
123.594,0,0,3303.563720703125,0
123.895,0,0,3303.563720703125,0
124.196,0,0,3303.563720703125,0
124.497,0,0,3337.057373046875,0
124.799,0,0,3339.330322265625,0
125.101,0,0,3340.454833984375,0
125.409,0,0,3340.947021484375,0
125.71,0,0,3340.947021484375,0
126.011,0,0,3337.879638671875,0
126.334,0,0,3342.197509765625,0
126.61,0,0,3338.274169921875,0
126.912,0,0,3335.379638671875,0
127.214,0,0,3330.292724609375,0
127.522,0,0,3330.292724609375,0
127.823,0,0,3330.292724609375,0
128.124,0,0,3330.292724609375,0
128.425,0,0,3330.292724609375,0
128.726,0,0,3330.292724609375,0
129.027,0,0,3330.292724609375,0
129.328,0,0,3330.292724609375,0
129.751,0,0,3291.280517578125,0
130.062,0,0,3285.034423828125,0
130.372,0,0,3285.034423828125,0
130.673,0,0,3285.034423828125,0
130.974,0,0,3278.589111328125,0
131.276,0,0,3277.429443359375,0
131.578,0,0,3275.700439453125,0
131.886,0,0,3274.422607421875,0
132.187,0,0,3274.422607421875,0
132.488,0,0,3271.534423828125,0
132.79,0,0,3271.534423828125,0
133.091,0,0,3271.534423828125,0
133.392,0,0,3271.534423828125,0
133.693,0,0,3271.534423828125,0
134,0,0,3271.534423828125,0
134.302,0,0,3271.534423828125,0
134.603,0,0,3259.813720703125,0
134.905,0,0,3258.783447265625,0
135.207,0,0,3257.673583984375,0
135.509,0,0,3256.411376953125,0
135.811,0,0,3254.594970703125,0
136.119,0,0,3252.890380859375,0
136.421,0,0,3252.890380859375,0
136.722,0,0,3249.157958984375,0
137.045,0,0,3247.329833984375,0
137.32,0,0,3243.421142578125,0
137.621,0,0,3243.421142578125,0
137.922,0,0,3243.421142578125,0
138.229,0,0,3243.421142578125,0
138.53,0,0,3243.421142578125,0
138.831,0,0,3243.421142578125,0
139.132,0,0,3243.421142578125,0
139.433,0,0,3243.421142578125,0
139.743,0,0,3231.317626953125,0
140.053,0,0,3231.317626953125,0
140.476,0,0,3231.317626953125,0
140.778,0,0,3231.317626953125,0
141.079,0,0,3223.973388671875,0
141.38,0,0,3222.112548828125,0
141.682,0,0,3220.489013671875,0
141.984,0,0,3219.151611328125,0
142.286,0,0,3217.749755859375,0
142.594,0,0,3215.947509765625,0
142.896,0,0,3215.947509765625,0
143.197,0,0,3215.947509765625,0
143.498,0,0,3215.947509765625,0
143.799,0,0,3215.947509765625,0
144.1,0,0,3215.947509765625,0
144.401,0,0,3215.947509765625,0
144.728,0,0,3215.947509765625,0
145.03,0,0,3215.947509765625,0
145.331,0,0,3200.345458984375,0
145.633,0,0,3199.238037109375,0
145.935,0,0,3197.726806640625,0
146.237,0,0,3195.680908203125,0
146.539,0,0,3193.785888671875,0
146.847,0,0,3192.039306640625,0
147.149,0,0,3192.039306640625,0
147.478,0,0,3188.507080078125,0
147.78,0,0,3188.507080078125,0
148.081,0,0,3188.507080078125,0
148.382,0,0,3188.507080078125,0
148.683,0,0,3188.507080078125,0
148.99,0,0,3188.507080078125,0
149.291,0,0,3188.507080078125,0
149.592,0,0,3188.507080078125,0
149.902,0,0,3173.876708984375,0
150.212,0,0,3173.876708984375,0
150.522,0,0,3173.876708984375,0
150.832,0,0,3173.876708984375,0
151.139,0,0,3173.876708984375,0
151.455,0,0,3173.876708984375,0
151.73,0,0,3161.8798828125,0
152.032,0,0,3159.6171875,0
152.334,0,0,3157.47607421875,0
152.636,0,0,3155.865966796875,0
152.938,0,0,3155.865966796875,0
153.245,0,0,3155.865966796875,0
153.546,0,0,3155.865966796875,0
153.847,0,0,3155.865966796875,0
154.148,0,0,3155.865966796875,0
154.449,0,0,3155.865966796875,0
154.75,0,0,3155.865966796875,0
155.051,0,0,3142.4208984375,0
155.36,0,0,3140.671630859375,0
155.661,0,0,3140.671630859375,0
155.983,0,0,3137.938720703125,0
156.258,0,0,3135.2880859375,0
156.56,0,0,3134.140869140625,0
156.862,0,0,3132.9814453125,0
157.164,0,0,3131.550048828125,0
157.472,0,0,3129.85595703125,0
157.774,0,0,3129.85595703125,0
158.075,0,0,3129.85595703125,0
158.376,0,0,3129.85595703125,0
158.677,0,0,3129.85595703125,0
158.978,0,0,3129.85595703125,0
159.279,0,0,3129.85595703125,0
159.586,0,0,3129.85595703125,0
159.888,0,0,3129.85595703125,0
160.198,0,0,3114.0400390625,0
160.508,0,0,3114.0400390625,0
160.818,0,0,3114.0400390625,0
161.128,0,0,3114.0400390625,0
161.429,0,0,3114.0400390625,0
161.737,0,0,3105.55126953125,0
162.038,0,0,3105.55126953125,0
162.339,0,0,3102.50927734375,0
162.641,0,0,3100.91015625,0
162.943,0,0,3099.1083984375,0
163.245,0,0,3099.1083984375,0
163.546,0,0,3099.1083984375,0
163.853,0,0,3099.1083984375,0
164.154,0,0,3099.1083984375,0
164.455,0,0,3099.1083984375,0
164.756,0,0,3099.1083984375,0
165.057,0,0,3085.81494140625,0
165.359,0,0,3084.4609375,0
165.661,0,0,3082.444091796875,0
165.969,0,0,3080.352783203125,0
166.271,0,0,3080.352783203125,0
166.572,0,0,3078.134765625,0
166.874,0,0,3076.720947265625,0
167.176,0,0,3075.034912109375,0
167.478,0,0,3073.697998046875,0
167.795,0,0,3072.134033203125,0
168.103,0,0,3072.134033203125,0
168.405,0,0,3072.134033203125,0
168.706,0,0,3072.134033203125,0
169.007,0,0,3072.134033203125,0
169.308,0,0,3072.134033203125,0
169.609,0,0,3072.134033203125,0
169.91,0,0,3072.134033203125,0
170.333,0,0,3056.865478515625,0
170.754,0,0,3056.865478515625,0
171.064,0,0,3056.865478515625,0
171.365,0,0,3056.865478515625,0
171.666,0,0,3049.231201171875,0
171.968,0,0,3047.326416015625,0
172.276,0,0,3045.57861328125,0
172.599,0,0,3045.57861328125,0
172.875,0,0,3041.890380859375,0
173.176,0,0,3041.890380859375,0
173.477,0,0,3041.890380859375,0
173.778,0,0,3041.890380859375,0
174.079,0,0,3041.890380859375,0
174.386,0,0,3041.890380859375,0
174.688,0,0,3041.890380859375,0
174.989,0,0,3041.890380859375,0
175.29,0,0,3028.337158203125,0
175.592,0,0,3026.525146484375,0
175.894,0,0,3024.795654296875,0
176.196,0,0,3023.000244140625,0
176.504,0,0,3021.190185546875,0
176.806,0,0,3021.190185546875,0
177.127,0,0,3018.95751953125,0
177.403,0,0,3016.003173828125,0
177.704,0,0,3014.329833984375,0
178.006,0,0,3012.261962890625,0
178.308,0,0,3012.261962890625,0
178.615,0,0,3012.261962890625,0
178.917,0,0,3012.261962890625,0
179.218,0,0,3012.261962890625,0
179.519,0,0,3012.261962890625,0
179.82,0,0,3012.261962890625,0
180.121,0,0,3012.261962890625,0
180.431,0,0,2999.370361328125,0
180.854,0,0,2999.370361328125,0
181.165,0,0,2999.370361328125,0
181.466,0,0,2999.370361328125,0
181.767,0,0,2992.424072265625,0
182.069,0,0,2990.500732421875,0
182.371,0,0,2988.39111328125,0
182.673,0,0,2986.798828125,0
182.981,0,0,2985.427001953125,0
183.283,0,0,2985.427001953125,0
183.584,0,0,2985.427001953125,0
183.885,0,0,2985.427001953125,0
184.186,0,0,2985.427001953125,0
184.487,0,0,2985.427001953125,0
184.788,0,0,2985.427001953125,0
185.095,0,0,2985.427001953125,0
185.396,0,0,2985.427001953125,0
185.697,0,0,2969.92919921875,0
185.999,0,0,2968.433349609375,0
186.301,0,0,2966.7607421875,0
186.603,0,0,2965.394775390625,0
186.905,0,0,2962.959228515625,0
187.213,0,0,2961.733642578125,0
187.514,0,0,2961.733642578125,0
187.837,0,0,2958.09033203125,0
188.112,0,0,2954.90771484375,0
188.414,0,0,2954.90771484375,0
188.715,0,0,2954.90771484375,0
189.016,0,0,2954.90771484375,0
189.323,0,0,2954.90771484375,0
189.625,0,0,2954.90771484375,0
189.926,0,0,2954.90771484375,0
190.227,0,0,2954.90771484375,0
190.537,0,0,2940.55029296875,0
190.847,0,0,2940.55029296875,0
191.157,0,0,2940.55029296875,0
191.58,0,0,2940.55029296875,0
191.882,0,0,2940.55029296875,0
192.183,0,0,2930.258544921875,0
192.485,0,0,2928.5947265625,0
192.787,0,0,2927.31787109375,0
193.089,0,0,2925.438232421875,0
193.391,0,0,2923.826171875,0
193.699,0,0,2923.826171875,0
194.001,0,0,2923.826171875,0
194.302,0,0,2923.826171875,0
194.603,0,0,2923.826171875,0
194.904,0,0,2923.826171875,0
195.205,0,0,2923.826171875,0
195.514,0,0,2923.826171875,0
195.796,0,0,2907.712890625,0
196.098,0,0,2907.712890625,0
196.399,0,0,2905.413330078125,0
196.701,0,0,2903.765380859375,0
197.003,0,0,2901.871337890625,0
197.305,0,0,2900.223876953125,0
197.607,0,0,2898.57568359375,0
197.916,0,0,2896.9599609375,0
198.217,0,0,2896.9599609375,0
198.518,0,0,2893.796630859375,0
198.82,0,0,2893.796630859375,0
199.121,0,0,2893.796630859375,0
199.422,0,0,2893.796630859375,0
199.723,0,0,2893.796630859375,0
200.03,0,0,2893.796630859375,0
200.332,0,0,2893.796630859375,0
200.642,0,0,2879.817626953125,0
200.952,0,0,2879.817626953125,0
201.262,0,0,2879.817626953125,0
201.572,0,0,2879.817626953125,0
201.873,0,0,2879.817626953125,0
202.181,0,0,2871.45361328125,0
202.482,0,0,2871.45361328125,0
202.799,0,0,2868.2275390625,0
203.074,0,0,2864.4375,0
203.376,0,0,2863.023681640625,0
203.678,0,0,2863.023681640625,0
203.979,0,0,2863.023681640625,0
204.286,0,0,2863.023681640625,0
204.588,0,0,2863.023681640625,0
204.889,0,0,2863.023681640625,0
205.19,0,0,2863.023681640625,0
205.491,0,0,2863.023681640625,0
205.792,0,0,2848.88671875,0
206.094,0,0,2847.014892578125,0
206.402,0,0,2845.052490234375,0
206.704,0,0,2845.052490234375,0
207.005,0,0,2842.283447265625,0
207.327,0,0,2840.335205078125,0
207.603,0,0,2836.830810546875,0
207.904,0,0,2835.27197265625,0
208.206,0,0,2833.646728515625,0
208.515,0,0,2831.926025390625,0
208.816,0,0,2831.926025390625,0
209.117,0,0,2831.926025390625,0
209.418,0,0,2831.926025390625,0
209.719,0,0,2831.926025390625,0
210.02,0,0,2831.926025390625,0
210.321,0,0,2831.926025390625,0
210.628,0,0,2831.926025390625,0
210.939,0,0,2831.926025390625,0
211.249,0,0,2831.926025390625,0
211.559,0,0,2831.926025390625,0
211.869,0,0,2831.926025390625,0
212.17,0,0,2831.926025390625,0
212.471,0,0,2809.382080078125,0
212.779,0,0,2808.092529296875,0
213.081,0,0,2808.092529296875,0
213.382,0,0,2805.433837890625,0
213.684,0,0,2803.535888671875,0
213.986,0,0,2803.535888671875,0
214.287,0,0,2803.535888671875,0
214.588,0,0,2803.535888671875,0
214.895,0,0,2803.535888671875,0
215.196,0,0,2803.535888671875,0
215.497,0,0,2803.535888671875,0
215.831,0,0,2803.535888671875,0
216.107,0,0,2788.106201171875,0
216.409,0,0,2786.30078125,0
216.711,0,0,2784.809326171875,0
217.019,0,0,2783.27587890625,0
217.321,0,0,2783.27587890625,0
217.622,0,0,2779.0234375,0
217.924,0,0,2777.770751953125,0
218.226,0,0,2776.497314453125,0
218.528,0,0,2775.10693359375,0
218.83,0,0,2773.852783203125,0
219.138,0,0,2773.852783203125,0
219.44,0,0,2773.852783203125,0
219.741,0,0,2773.852783203125,0
220.042,0,0,2773.852783203125,0
220.343,0,0,2773.852783203125,0
220.644,0,0,2773.852783203125,0
220.954,0,0,2760.77783203125,0
221.377,0,0,2760.77783203125,0
221.688,0,0,2760.77783203125,0
221.989,0,0,2760.77783203125,0
222.29,0,0,2760.77783203125,0
222.566,0,0,2751.87060546875,0
222.867,0,0,2750.483154296875,0
223.169,0,0,2749.678466796875,0
223.478,0,0,2748.225341796875,0
223.779,0,0,2748.225341796875,0
224.08,0,0,2748.225341796875,0
224.381,0,0,2748.225341796875,0
224.682,0,0,2748.225341796875,0
224.983,0,0,2748.225341796875,0
225.284,0,0,2748.225341796875,0
225.591,0,0,2748.225341796875,0
225.893,0,0,2748.225341796875,0
226.194,0,0,2732.9443359375,0
226.496,0,0,2732.125244140625,0
226.819,0,0,2730.594970703125,0
227.094,0,0,2727.6279296875,0
227.396,0,0,2726.027587890625,0
227.705,0,0,2724.73876953125,0
228.006,0,0,2724.73876953125,0
228.307,0,0,2722.005615234375,0
228.609,0,0,2720.668701171875,0
228.911,0,0,2719.235107421875,0
229.213,0,0,2719.235107421875,0
229.514,0,0,2719.235107421875,0
229.821,0,0,2719.235107421875,0
230.123,0,0,2719.235107421875,0
230.424,0,0,2719.235107421875,0
230.725,0,0,2719.235107421875,0
231.035,0,0,2719.235107421875,0
231.345,0,0,2719.235107421875,0
231.655,0,0,2719.235107421875,0
232.078,0,0,2719.235107421875,0
232.38,0,0,2719.235107421875,0
232.681,0,0,2700.762939453125,0
233.001,0,0,2699.338134765625,0
233.276,0,0,2696.340087890625,0
233.578,0,0,2695.1669921875,0
233.88,0,0,2694.000244140625,0
234.188,0,0,2694.000244140625,0
234.489,0,0,2694.000244140625,0
234.79,0,0,2694.000244140625,0
235.091,0,0,2694.000244140625,0
235.392,0,0,2694.000244140625,0
235.693,0,0,2694.000244140625,0
235.994,0,0,2694.000244140625,0
236.301,0,0,2681.187744140625,0
236.603,0,0,2681.187744140625,0
236.904,0,0,2678.62255859375,0
237.206,0,0,2677.9306640625,0
237.529,0,0,2676.497802734375,0
237.804,0,0,2673.486083984375,0
238.106,0,0,2671.952880859375,0
238.414,0,0,2670.51123046875,0
238.716,0,0,2670.51123046875,0
239.017,0,0,2667.789306640625,0
239.319,0,0,2667.789306640625,0
239.62,0,0,2667.789306640625,0
239.921,0,0,2667.789306640625,0
240.222,0,0,2667.789306640625,0
240.529,0,0,2667.789306640625,0
240.831,0,0,2667.789306640625,0
241.141,0,0,2667.789306640625,0
241.451,0,0,2667.789306640625,0
241.761,0,0,2667.789306640625,0
242.071,0,0,2667.789306640625,0
242.372,0,0,2667.789306640625,0
242.679,0,0,2651.263427734375,0
242.981,0,0,2651.263427734375,0
243.282,0,0,2647.942626953125,0
243.584,0,0,2646.27685546875,0
243.886,0,0,2644.212890625,0
244.188,0,0,2642.99560546875,0
244.49,0,0,2642.99560546875,0
244.797,0,0,2642.99560546875,0
245.099,0,0,2642.99560546875,0
245.4,0,0,2642.99560546875,0
245.701,0,0,2642.99560546875,0
246.002,0,0,2642.99560546875,0
246.308,0,0,2642.99560546875,0
246.583,0,0,2628.333984375,0
246.891,0,0,2626.986083984375,0
247.193,0,0,2626.986083984375,0
247.494,0,0,2624.245361328125,0
247.796,0,0,2622.8466796875,0
248.098,0,0,2621.1728515625,0
248.4,0,0,2619.71142578125,0
248.702,0,0,2618.30126953125,0
249.01,0,0,2616.74755859375,0
249.312,0,0,2616.74755859375,0
249.613,0,0,2616.74755859375,0
249.914,0,0,2616.74755859375,0
250.215,0,0,2616.74755859375,0
250.516,0,0,2616.74755859375,0
250.817,0,0,2616.74755859375,0
251.124,0,0,2616.74755859375,0
251.434,0,0,2616.74755859375,0
251.744,0,0,2616.74755859375,0
252.054,0,0,2616.74755859375,0
252.364,0,0,2616.74755859375,0
252.665,0,0,2616.74755859375,0
252.966,0,0,2599.5,0
253.274,0,0,2597.574951171875,0
253.592,0,0,2597.574951171875,0
253.867,0,0,2594.043212890625,0
254.169,0,0,2592.332763671875,0
254.471,0,0,2592.332763671875,0
254.772,0,0,2592.332763671875,0
255.073,0,0,2592.332763671875,0
255.38,0,0,2592.332763671875,0
255.682,0,0,2592.332763671875,0
255.983,0,0,2592.332763671875,0
256.284,0,0,2592.332763671875,0
256.585,0,0,2580.75244140625,0
256.887,0,0,2579.2646484375,0
257.189,0,0,2577.835205078125,0
257.498,0,0,2576.661865234375,0
257.799,0,0,2576.661865234375,0
258.12,0,0,2574.16357421875,0
258.395,0,0,2571.33984375,0
258.697,0,0,2570.031494140625,0
258.999,0,0,2568.71923828125,0
259.301,0,0,2567.430419921875,0
259.609,0,0,2567.430419921875,0
259.911,0,0,2567.430419921875,0
260.212,0,0,2567.430419921875,0
260.513,0,0,2567.430419921875,0
260.814,0,0,2567.430419921875,0
261.115,0,0,2567.430419921875,0
261.416,0,0,2567.430419921875,0
261.839,0,0,2556.118408203125,0
262.15,0,0,2556.118408203125,0
262.46,0,0,2556.118408203125,0
262.761,0,0,2556.118408203125,0
263.062,0,0,2549.05615234375,0
263.364,0,0,2547.794677734375,0
263.666,0,0,2546.62744140625,0
263.975,0,0,2545.416015625,0
264.301,0,0,2545.416015625,0
264.602,0,0,2545.416015625,0
264.903,0,0,2545.416015625,0
265.204,0,0,2545.416015625,0
265.505,0,0,2545.416015625,0
265.806,0,0,2545.416015625,0
266.113,0,0,2545.416015625,0
266.415,0,0,2545.416015625,0
266.716,0,0,2530.069091796875,0
267.018,0,0,2528.654052734375,0
267.32,0,0,2527.214599609375,0
267.622,0,0,2525.976806640625,0
267.924,0,0,2524.53125,0
268.232,0,0,2523.247802734375,0
268.552,0,0,2523.247802734375,0
268.828,0,0,2519.184814453125,0
269.129,0,0,2517.837158203125,0
269.431,0,0,2516.546630859375,0
269.733,0,0,2516.546630859375,0
270.034,0,0,2516.546630859375,0
270.341,0,0,2516.546630859375,0
270.642,0,0,2516.546630859375,0
270.943,0,0,2516.546630859375,0
271.244,0,0,2516.546630859375,0
271.545,0,0,2516.546630859375,0
271.855,0,0,2502.64599609375,0
272.165,0,0,2502.64599609375,0
272.588,0,0,2502.64599609375,0
272.89,0,0,2502.64599609375,0
273.191,0,0,2497.40478515625,0
273.493,0,0,2495.98828125,0
273.795,0,0,2494.314697265625,0
274.097,0,0,2492.8974609375,0
274.399,0,0,2491.9208984375,0
274.707,0,0,2490.608642578125,0
275.008,0,0,2490.608642578125,0
275.309,0,0,2490.608642578125,0
275.61,0,0,2490.608642578125,0
275.911,0,0,2490.608642578125,0
276.212,0,0,2490.608642578125,0
276.513,0,0,2490.608642578125,0
276.82,0,0,2479.76953125,0
277.122,0,0,2479.76953125,0
277.423,0,0,2476.872314453125,0
277.725,0,0,2475.978759765625,0
278.027,0,0,2474.596435546875,0
278.329,0,0,2473.236572265625,0
278.631,0,0,2471.90576171875,0
278.939,0,0,2470.65478515625,0
279.261,0,0,2470.65478515625,0
279.537,0,0,2466.346923828125,0
279.839,0,0,2466.346923828125,0
280.14,0,0,2466.346923828125,0
280.441,0,0,2466.346923828125,0
280.742,0,0,2466.346923828125,0
281.049,0,0,2466.346923828125,0
281.35,0,0,2466.346923828125,0
281.651,0,0,2466.346923828125,0
281.961,0,0,2454.4111328125,0
282.271,0,0,2454.4111328125,0
282.581,0,0,2454.4111328125,0
282.891,0,0,2454.4111328125,0
283.198,0,0,2454.4111328125,0
283.513,0,0,2454.4111328125,0
283.789,0,0,2443.18115234375,0
284.091,0,0,2441.640869140625,0
284.393,0,0,2439.771240234375,0
284.695,0,0,2437.9228515625,0
284.997,0,0,2437.9228515625,0
285.304,0,0,2437.9228515625,0
285.606,0,0,2437.9228515625,0
285.907,0,0,2437.9228515625,0
286.208,0,0,2437.9228515625,0
286.509,0,0,2437.9228515625,0
286.81,0,0,2437.9228515625,0
287.111,0,0,2425.12158203125,0
287.419,0,0,2423.741455078125,0
287.72,0,0,2423.741455078125,0
288.042,0,0,2420.92236328125,0
288.317,0,0,2418.410400390625,0
288.619,0,0,2417.21044921875,0
288.921,0,0,2416.349365234375,0
289.222,0,0,2415.310302734375,0
289.53,0,0,2414.05712890625,0
289.832,0,0,2414.05712890625,0
290.133,0,0,2414.05712890625,0
290.434,0,0,2414.05712890625,0
290.735,0,0,2414.05712890625,0
291.036,0,0,2414.05712890625,0
291.337,0,0,2414.05712890625,0
291.644,0,0,2414.05712890625,0
291.946,0,0,2414.05712890625,0
292.256,0,0,2401.41552734375,0
292.566,0,0,2401.41552734375,0
292.876,0,0,2401.41552734375,0
293.186,0,0,2401.41552734375,0
293.487,0,0,2401.41552734375,0
293.794,0,0,2393.218017578125,0
294.096,0,0,2393.218017578125,0
294.397,0,0,2390.398193359375,0
294.699,0,0,2388.79541015625,0
295.001,0,0,2387.37060546875,0
295.303,0,0,2387.37060546875,0
295.604,0,0,2387.37060546875,0
295.911,0,0,2387.37060546875,0
296.212,0,0,2387.37060546875,0
296.513,0,0,2387.37060546875,0
296.814,0,0,2387.37060546875,0
297.115,0,0,2375.78759765625,0
297.417,0,0,2374.5771484375,0
297.719,0,0,2373.316162109375,0
298.027,0,0,2372.1943359375,0
298.329,0,0,2372.1943359375,0
298.63,0,0,2369.348388671875,0
298.932,0,0,2367.852294921875,0
299.234,0,0,2366.416259765625,0
299.536,0,0,2365.233154296875,0
299.854,0,0,2363.725341796875,0
300.162,0,0,2363.725341796875,0
300.463,0,0,2363.725341796875,0
300.764,0,0,2363.725341796875,0
301.065,0,0,2363.725341796875,0
301.366,0,0,2363.725341796875,0
301.667,0,0,2363.725341796875,0
301.968,0,0,2363.725341796875,0
302.392,0,0,2349.94482421875,0
302.812,0,0,2349.94482421875,0
303.122,0,0,2349.94482421875,0
303.423,0,0,2349.94482421875,0
303.724,0,0,2342.42626953125,0
304.026,0,0,2340.81103515625,0
304.334,0,0,2339.403564453125,0
304.66,0,0,2339.403564453125,0
304.936,0,0,2336.32666015625,0
305.237,0,0,2336.32666015625,0
305.538,0,0,2336.32666015625,0
305.839,0,0,2336.32666015625,0
306.14,0,0,2336.32666015625,0
306.447,0,0,2336.32666015625,0
306.749,0,0,2336.32666015625,0
307.05,0,0,2336.32666015625,0
307.351,0,0,2323.5732421875,0
307.653,0,0,2323.5732421875,0
307.954,0,0,2320.58984375,0
308.256,0,0,2319.01123046875,0
308.564,0,0,2316.8828125,0
308.866,0,0,2316.8828125,0
309.188,0,0,2313.582763671875,0
309.464,0,0,2310.745361328125,0
309.765,0,0,2309.428466796875,0
310.067,0,0,2308.06494140625,0
310.369,0,0,2308.06494140625,0
310.676,0,0,2308.06494140625,0
310.978,0,0,2308.06494140625,0
311.279,0,0,2308.06494140625,0
311.58,0,0,2308.06494140625,0
311.881,0,0,2308.06494140625,0
312.182,0,0,2308.06494140625,0
312.492,0,0,2296.635986328125,0
312.915,0,0,2296.635986328125,0
313.226,0,0,2296.635986328125,0
313.527,0,0,2296.635986328125,0
313.828,0,0,2290.2216796875,0
314.13,0,0,2289.051025390625,0
314.432,0,0,2287.654541015625,0
314.734,0,0,2286.39892578125,0
315.043,0,0,2285.020263671875,0
315.344,0,0,2285.020263671875,0
315.645,0,0,2285.020263671875,0
315.946,0,0,2285.020263671875,0
316.247,0,0,2285.020263671875,0
316.548,0,0,2285.020263671875,0
316.849,0,0,2285.020263671875,0
317.156,0,0,2285.020263671875,0
317.458,0,0,2285.020263671875,0
317.759,0,0,2271.001708984375,0
318.061,0,0,2269.296875,0
318.363,0,0,2268.370361328125,0
318.665,0,0,2268.370361328125,0
318.966,0,0,2266.4052734375,0
319.275,0,0,2265.204833984375,0
319.576,0,0,2265.204833984375,0
319.899,0,0,2262.751708984375,0
320.174,0,0,2259.63720703125,0
320.476,0,0,2259.63720703125,0
320.777,0,0,2259.63720703125,0
321.078,0,0,2259.63720703125,0
321.385,0,0,2259.63720703125,0
321.686,0,0,2259.63720703125,0
321.987,0,0,2259.63720703125,0
322.288,0,0,2259.63720703125,0
322.598,0,0,2248.2548828125,0
322.908,0,0,2248.2548828125,0
323.218,0,0,2248.2548828125,0
323.641,0,0,2248.2548828125,0
323.943,0,0,2248.2548828125,0
324.244,0,0,2241.602783203125,0
324.546,0,0,2240.381591796875,0
324.848,0,0,2239.37646484375,0
325.15,0,0,2237.942138671875,0
325.452,0,0,2236.725341796875,0
325.76,0,0,2236.725341796875,0
326.061,0,0,2236.725341796875,0
326.362,0,0,2236.725341796875,0
326.663,0,0,2236.725341796875,0
326.964,0,0,2236.725341796875,0
327.265,0,0,2236.725341796875,0
327.575,0,0,2236.725341796875,0
327.858,0,0,2225.229736328125,0
328.16,0,0,2225.229736328125,0
328.461,0,0,2222.883056640625,0
328.763,0,0,2221.513671875,0
329.065,0,0,2220.059326171875,0
329.367,0,0,2218.7900390625,0
329.669,0,0,2218.7900390625,0
329.976,0,0,2216.06201171875,0
330.278,0,0,2216.06201171875,0
330.579,0,0,2213.314453125,0
330.881,0,0,2213.314453125,0
331.182,0,0,2213.314453125,0
331.483,0,0,2213.314453125,0
331.784,0,0,2213.314453125,0
332.091,0,0,2213.314453125,0
332.392,0,0,2213.314453125,0
332.702,0,0,2201.718505859375,0
333.012,0,0,2201.718505859375,0
333.322,0,0,2201.718505859375,0
333.632,0,0,2201.718505859375,0
333.933,0,0,2201.718505859375,0
334.24,0,0,2194.294921875,0
334.542,0,0,2194.294921875,0
334.843,0,0,2191.010498046875,0
335.144,0,0,2188.529296875,0
335.446,0,0,2187.049072265625,0
335.748,0,0,2187.049072265625,0
336.049,0,0,2187.049072265625,0
336.356,0,0,2187.049072265625,0
336.657,0,0,2187.049072265625,0
336.958,0,0,2187.049072265625,0
337.259,0,0,2187.049072265625,0
337.56,0,0,2187.049072265625,0
337.861,0,0,2175.190185546875,0
338.163,0,0,2173.810546875,0
338.471,0,0,2172.61669921875,0
338.773,0,0,2172.61669921875,0
339.074,0,0,2170.432861328125,0
339.389,0,0,2169.15380859375,0
339.664,0,0,2166.623046875,0
339.966,0,0,2165.384033203125,0
340.268,0,0,2165.384033203125,0
340.575,0,0,2162.651123046875,0
340.877,0,0,2162.651123046875,0
341.178,0,0,2162.651123046875,0
341.479,0,0,2162.651123046875,0
341.78,0,0,2162.651123046875,0
342.081,0,0,2162.651123046875,0
342.382,0,0,2162.651123046875,0
342.689,0,0,2162.651123046875,0
343,0,0,2162.651123046875,0
343.31,0,0,2162.651123046875,0
343.62,0,0,2162.651123046875,0
343.93,0,0,2162.651123046875,0
344.231,0,0,2162.651123046875,0
344.532,0,0,2143.10693359375,0
344.84,0,0,2141.29345703125,0
345.141,0,0,2141.29345703125,0
345.442,0,0,2138.1953125,0
345.744,0,0,2136.77294921875,0
346.046,0,0,2136.77294921875,0
346.347,0,0,2136.77294921875,0
346.648,0,0,2136.77294921875,0
346.955,0,0,2136.77294921875,0
347.257,0,0,2136.77294921875,0
347.558,0,0,2136.77294921875,0
347.892,0,0,2136.77294921875,0
348.168,0,0,2123.257080078125,0
348.47,0,0,2121.311279296875,0
348.772,0,0,2120.065673828125,0
349.08,0,0,2118.928466796875,0
349.382,0,0,2118.928466796875,0
349.683,0,0,2116.267578125,0
349.985,0,0,2114.994873046875,0
350.287,0,0,2113.778564453125,0
350.589,0,0,2112.3955078125,0
350.891,0,0,2110.7138671875,0
351.199,0,0,2110.7138671875,0
351.501,0,0,2110.7138671875,0
351.802,0,0,2110.7138671875,0
352.103,0,0,2110.7138671875,0
352.404,0,0,2110.7138671875,0
352.705,0,0,2110.7138671875,0
353.015,0,0,2099.370849609375,0
353.438,0,0,2099.370849609375,0
353.749,0,0,2099.370849609375,0
354.05,0,0,2099.370849609375,0
354.351,0,0,2093.380859375,0
354.653,0,0,2092.015869140625,0
354.955,0,0,2090.505615234375,0
355.257,0,0,2089.18505859375,0
355.566,0,0,2087.858642578125,0
355.867,0,0,2087.858642578125,0
356.168,0,0,2087.858642578125,0
356.469,0,0,2087.858642578125,0
356.77,0,0,2087.858642578125,0
357.071,0,0,2087.858642578125,0
357.372,0,0,2087.858642578125,0
357.679,0,0,2087.858642578125,0
357.981,0,0,2087.858642578125,0
358.282,0,0,2075.279052734375,0
358.602,0,0,2073.817138671875,0
358.877,0,0,2070.5654296875,0
359.179,0,0,2068.74755859375,0
359.481,0,0,2067.096435546875,0
359.789,0,0,2065.515869140625,0
360.091,0,0,2065.515869140625,0
360.392,0,0,2062.500732421875,0
360.694,0,0,2060.878662109375,0
360.996,0,0,2059.0234375,0
361.297,0,0,2059.0234375,0
361.598,0,0,2059.0234375,0
361.905,0,0,2059.0234375,0
362.207,0,0,2059.0234375,0
362.508,0,0,2059.0234375,0
362.809,0,0,2059.0234375,0
363.138,0,0,2059.0234375,0
363.448,0,0,2059.0234375,0
363.758,0,0,2059.0234375,0
364.181,0,0,2059.0234375,0
364.507,0,0,2059.0234375,0
364.783,0,0,2039.660888671875,0
365.084,0,0,2038.11865234375,0
365.386,0,0,2036.784423828125,0
365.688,0,0,2035.2587890625,0
365.99,0,0,2033.798095703125,0
366.298,0,0,2033.798095703125,0
366.599,0,0,2033.798095703125,0
366.9,0,0,2033.798095703125,0
367.201,0,0,2033.798095703125,0
367.502,0,0,2033.798095703125,0
367.803,0,0,2033.798095703125,0
368.104,0,0,2033.798095703125,0
368.411,0,0,2022.39599609375,0
368.712,0,0,2022.39599609375,0
369.035,0,0,2020.39306640625,0
369.31,0,0,2018.155029296875,0
369.612,0,0,2016.905029296875,0
369.913,0,0,2015.41455078125,0
370.215,0,0,2015.41455078125,0
370.522,0,0,2012.46630859375,0
370.823,0,0,2012.46630859375,0
371.124,0,0,2009.48876953125,0
371.426,0,0,2009.48876953125,0
371.727,0,0,2009.48876953125,0
372.028,0,0,2009.48876953125,0
372.329,0,0,2009.48876953125,0
372.636,0,0,2009.48876953125,0
372.937,0,0,2009.48876953125,0
373.247,0,0,2009.48876953125,0
373.557,0,0,2009.48876953125,0
373.867,0,0,2009.48876953125,0
374.177,0,0,2009.48876953125,0
374.478,0,0,2009.48876953125,0
374.785,0,0,1989.411865234375,0
375.086,0,0,1989.411865234375,0
375.387,0,0,1986.6474609375,0
375.689,0,0,1985.498779296875,0
375.991,0,0,1984.356689453125,0
376.293,0,0,1983.24169921875,0
376.595,0,0,1983.24169921875,0
376.902,0,0,1983.24169921875,0
377.204,0,0,1983.24169921875,0
377.505,0,0,1983.24169921875,0
377.806,0,0,1983.24169921875,0
378.107,0,0,1983.24169921875,0
378.408,0,0,1971.091796875,0
378.71,0,0,1969.76611328125,0
379.018,0,0,1968.45703125,0
379.32,0,0,1968.45703125,0
379.621,0,0,1966.255615234375,0
379.923,0,0,1964.842041015625,0
380.225,0,0,1963.700439453125,0
380.527,0,0,1962.126220703125,0
380.847,0,0,1960.608642578125,0
381.129,0,0,1957.3974609375,0
381.431,0,0,1957.3974609375,0
381.732,0,0,1957.3974609375,0
382.033,0,0,1957.3974609375,0
382.334,0,0,1957.3974609375,0
382.635,0,0,1957.3974609375,0
382.936,0,0,1957.3974609375,0
383.242,0,0,1957.3974609375,0
383.553,0,0,1957.3974609375,0
383.863,0,0,1957.3974609375,0
384.173,0,0,1957.3974609375,0
384.483,0,0,1957.3974609375,0
384.784,0,0,1957.3974609375,0
385.099,0,0,1957.3974609375,0
385.382,0,0,1936.093505859375,0
385.684,0,0,1936.093505859375,0
385.985,0,0,1933.970703125,0
386.287,0,0,1932.583251953125,0
386.589,0,0,1932.583251953125,0
386.89,0,0,1932.583251953125,0
387.191,0,0,1932.583251953125,0
387.498,0,0,1932.583251953125,0
387.8,0,0,1932.583251953125,0
388.101,0,0,1932.583251953125,0
388.402,0,0,1932.583251953125,0
388.703,0,0,1932.583251953125,0
389.004,0,0,1920.002197265625,0
389.306,0,0,1919.162109375,0
389.634,0,0,1918.1865234375,0
389.936,0,0,1918.1865234375,0
390.237,0,0,1913.430908203125,0
390.539,0,0,1912.19775390625,0
390.841,0,0,1911.34423828125,0
391.142,0,0,1909.906982421875,0
391.444,0,0,1908.17626953125,0
391.752,0,0,1908.17626953125,0
392.054,0,0,1908.17626953125,0
392.355,0,0,1908.17626953125,0
392.656,0,0,1908.17626953125,0
392.957,0,0,1908.17626953125,0
393.258,0,0,1908.17626953125,0
393.568,0,0,1908.17626953125,0
393.991,0,0,1908.17626953125,0
394.302,0,0,1908.17626953125,0
394.603,0,0,1908.17626953125,0
394.904,0,0,1890.66845703125,0
395.206,0,0,1889.29052734375,0
395.534,0,0,1888.479248046875,0
395.81,0,0,1886.483154296875,0
396.117,0,0,1885.361328125,0
396.419,0,0,1885.361328125,0
396.72,0,0,1885.361328125,0
397.021,0,0,1885.361328125,0
397.322,0,0,1885.361328125,0
397.623,0,0,1885.361328125,0
397.924,0,0,1885.361328125,0
398.231,0,0,1885.361328125,0
398.533,0,0,1885.361328125,0
398.834,0,0,1873.3720703125,0
399.136,0,0,1872.222900390625,0
399.438,0,0,1872.222900390625,0
399.739,0,0,1869.60302734375,0
400.062,0,0,1868.3544921875,0
400.344,0,0,1865.568115234375,0
400.646,0,0,1865.568115234375,0
400.947,0,0,1862.882568359375,0
401.249,0,0,1861.586181640625,0
401.551,0,0,1860.11767578125,0
401.853,0,0,1860.11767578125,0
402.154,0,0,1860.11767578125,0
402.461,0,0,1860.11767578125,0
402.763,0,0,1860.11767578125,0
403.064,0,0,1860.11767578125,0
403.365,0,0,1860.11767578125,0
403.675,0,0,1860.11767578125,0
403.985,0,0,1860.11767578125,0
404.295,0,0,1860.11767578125,0
404.719,0,0,1860.11767578125,0
405.02,0,0,1860.11767578125,0
405.321,0,0,1842.07568359375,0
405.623,0,0,1840.591064453125,0
405.925,0,0,1838.921875,0
406.243,0,0,1837.487548828125,0
406.518,0,0,1834.632568359375,0
406.826,0,0,1834.632568359375,0
407.127,0,0,1834.632568359375,0
407.428,0,0,1834.632568359375,0
407.729,0,0,1834.632568359375,0
408.03,0,0,1834.632568359375,0
408.331,0,0,1834.632568359375,0
408.632,0,0,1834.632568359375,0
408.939,0,0,1823.166748046875,0
409.24,0,0,1823.166748046875,0
409.541,0,0,1820.77197265625,0
409.843,0,0,1819.789794921875,0
410.145,0,0,1818.439697265625,0
410.447,0,0,1817.193359375,0
410.77,0,0,1817.193359375,0
411.052,0,0,1813.58837890625,0
411.354,0,0,1813.58837890625,0
411.655,0,0,1810.348876953125,0
411.957,0,0,1810.348876953125,0
412.258,0,0,1810.348876953125,0
412.559,0,0,1810.348876953125,0
412.86,0,0,1810.348876953125,0
413.167,0,0,1810.348876953125,0
413.469,0,0,1810.348876953125,0
413.779,0,0,1810.348876953125,0
414.089,0,0,1810.348876953125,0
414.399,0,0,1810.348876953125,0
414.709,0,0,1810.348876953125,0
415.01,0,0,1810.348876953125,0
415.317,0,0,1794.300048828125,0
415.619,0,0,1794.300048828125,0
415.92,0,0,1791.48583984375,0
416.222,0,0,1790.4140625,0
416.524,0,0,1790.4140625,0
416.825,0,0,1787.30126953125,0
417.127,0,0,1787.30126953125,0
417.434,0,0,1787.30126953125,0
417.736,0,0,1787.30126953125,0
418.037,0,0,1787.30126953125,0
418.338,0,0,1787.30126953125,0
418.639,0,0,1787.30126953125,0
418.94,0,0,1787.30126953125,0
419.241,0,0,1776.112060546875,0
419.558,0,0,1774.89990234375,0
419.859,0,0,1774.89990234375,0
420.16,0,0,1770.8408203125,0
420.462,0,0,1769.485107421875,0
420.764,0,0,1768.097900390625,0
421.065,0,0,1767.08349609375,0
421.367,0,0,1766.07080078125,0
421.675,0,0,1764.78662109375,0
421.977,0,0,1764.78662109375,0
422.278,0,0,1764.78662109375,0
422.579,0,0,1764.78662109375,0
422.88,0,0,1764.78662109375,0
423.181,0,0,1764.78662109375,0
423.482,0,0,1764.78662109375,0
423.905,0,0,1764.78662109375,0
424.216,0,0,1764.78662109375,0
424.526,0,0,1764.78662109375,0
424.827,0,0,1764.78662109375,0
425.128,0,0,1764.78662109375,0
425.457,0,0,1745.59912109375,0
425.733,0,0,1742.90478515625,0
426.041,0,0,1741.522705078125,0
426.343,0,0,1741.522705078125,0
426.644,0,0,1738.828125,0
426.946,0,0,1737.513427734375,0
427.248,0,0,1737.513427734375,0
427.549,0,0,1737.513427734375,0
427.85,0,0,1737.513427734375,0
428.157,0,0,1737.513427734375,0
428.458,0,0,1737.513427734375,0
428.759,0,0,1737.513427734375,0
429.06,0,0,1737.513427734375,0
429.361,0,0,1726.44677734375,0
429.663,0,0,1725.368896484375,0
429.985,0,0,1724.00390625,0
430.268,0,0,1721.681640625,0
430.569,0,0,1721.681640625,0
430.87,0,0,1718.937744140625,0
431.172,0,0,1717.50634765625,0
431.474,0,0,1716.588623046875,0
431.776,0,0,1715.738037109375,0
432.078,0,0,1714.3662109375,0
432.386,0,0,1714.3662109375,0
432.687,0,0,1714.3662109375,0
432.988,0,0,1714.3662109375,0
433.289,0,0,1714.3662109375,0
433.59,0,0,1714.3662109375,0
433.9,0,0,1714.3662109375,0
434.21,0,0,1714.3662109375,0
434.633,0,0,1714.3662109375,0
434.935,0,0,1714.3662109375,0
435.236,0,0,1700.235595703125,0
435.538,0,0,1699.012451171875,0
435.84,0,0,1699.012451171875,0
436.166,0,0,1699.012451171875,0
436.442,0,0,1693.80224609375,0
436.75,0,0,1692.515869140625,0
437.052,0,0,1692.515869140625,0
437.353,0,0,1692.515869140625,0
437.654,0,0,1692.515869140625,0
437.955,0,0,1692.515869140625,0
438.256,0,0,1692.515869140625,0
438.557,0,0,1692.515869140625,0
438.864,0,0,1692.515869140625,0
439.166,0,0,1692.515869140625,0
439.467,0,0,1681.08251953125,0
439.769,0,0,1680.0107421875,0
440.071,0,0,1678.801513671875,0
440.373,0,0,1678.02197265625,0
440.695,0,0,1676.626708984375,0
440.977,0,0,1674.1630859375,0
441.279,0,0,1674.1630859375,0
441.58,0,0,1671.13623046875,0
441.882,0,0,1669.798828125,0
442.184,0,0,1668.568115234375,0
442.486,0,0,1668.568115234375,0
442.787,0,0,1668.568115234375,0
443.094,0,0,1668.568115234375,0
443.395,0,0,1668.568115234375,0
443.696,0,0,1668.568115234375,0
444.006,0,0,1668.568115234375,0
444.316,0,0,1668.568115234375,0
444.626,0,0,1668.568115234375,0
444.936,0,0,1668.568115234375,0
445.243,0,0,1668.568115234375,0
445.544,0,0,1668.568115234375,0
445.845,0,0,1650.27978515625,0
446.147,0,0,1648.91357421875,0
446.449,0,0,1647.605224609375,0
446.751,0,0,1646.331787109375,0
447.053,0,0,1645.236083984375,0
447.361,0,0,1644.333251953125,0
447.663,0,0,1644.333251953125,0
447.964,0,0,1644.333251953125,0
448.265,0,0,1644.333251953125,0
448.566,0,0,1644.333251953125,0
448.867,0,0,1644.333251953125,0
449.168,0,0,1644.333251953125,0
449.481,0,0,1644.333251953125,0
449.783,0,0,1644.333251953125,0
450.084,0,0,1632.005615234375,0
450.386,0,0,1630.806884765625,0
450.688,0,0,1629.526611328125,0
450.99,0,0,1628.619140625,0
451.292,0,0,1627.674560546875,0
451.6,0,0,1626.508056640625,0
451.902,0,0,1626.508056640625,0
452.231,0,0,1623.46435546875,0
452.532,0,0,1623.46435546875,0
452.833,0,0,1623.46435546875,0
453.134,0,0,1623.46435546875,0
453.435,0,0,1623.46435546875,0
453.742,0,0,1623.46435546875,0
454.052,0,0,1623.46435546875,0
454.362,0,0,1623.46435546875,0
454.672,0,0,1623.46435546875,0
454.982,0,0,1623.46435546875,0
455.283,0,0,1623.46435546875,0
455.584,0,0,1606.550048828125,0
455.892,0,0,1605.359619140625,0
456.207,0,0,1605.359619140625,0
456.483,0,0,1601.697021484375,0
456.785,0,0,1600.5224609375,0
457.087,0,0,1599.030517578125,0
457.389,0,0,1597.3505859375,0
457.691,0,0,1597.3505859375,0
457.998,0,0,1597.3505859375,0
458.3,0,0,1597.3505859375,0
458.601,0,0,1597.3505859375,0
458.902,0,0,1597.3505859375,0
459.203,0,0,1597.3505859375,0
459.504,0,0,1597.3505859375,0
459.805,0,0,1585.325439453125,0
460.113,0,0,1583.78759765625,0
460.415,0,0,1583.78759765625,0
460.735,0,0,1580.120361328125,0
461.01,0,0,1577.606201171875,0
461.312,0,0,1576.348388671875,0
461.614,0,0,1574.72412109375,0
461.916,0,0,1573.44384765625,0
462.223,0,0,1572.481689453125,0
462.525,0,0,1572.481689453125,0
462.826,0,0,1572.481689453125,0
463.127,0,0,1572.481689453125,0
463.428,0,0,1572.481689453125,0
463.729,0,0,1572.481689453125,0
464.03,0,0,1572.481689453125,0
464.453,0,0,1572.481689453125,0
464.763,0,0,1572.481689453125,0
465.073,0,0,1572.481689453125,0
465.374,0,0,1572.481689453125,0
465.675,0,0,1556.118408203125,0
465.977,0,0,1556.118408203125,0
466.278,0,0,1553.124755859375,0
466.586,0,0,1551.511962890625,0
466.916,0,0,1551.511962890625,0
467.192,0,0,1547.755859375,0
467.493,0,0,1546.5048828125,0
467.795,0,0,1546.5048828125,0
468.096,0,0,1546.5048828125,0
468.397,0,0,1546.5048828125,0
468.704,0,0,1546.5048828125,0
469.006,0,0,1546.5048828125,0
469.307,0,0,1546.5048828125,0
469.608,0,0,1546.5048828125,0
469.909,0,0,1535.12646484375,0
470.21,0,0,1533.92431640625,0
470.512,0,0,1532.68896484375,0
470.82,0,0,1531.75830078125,0
471.122,0,0,1531.75830078125,0
471.423,0,0,1531.75830078125,0
471.724,0,0,1526.09423828125,0
472.026,0,0,1524.325927734375,0
472.328,0,0,1522.800048828125,0
472.63,0,0,1521.63916015625,0
472.938,0,0,1521.63916015625,0
473.24,0,0,1521.63916015625,0
473.541,0,0,1521.63916015625,0
473.842,0,0,1521.63916015625,0
474.143,0,0,1521.63916015625,0
474.453,0,0,1521.63916015625,0
474.763,0,0,1521.63916015625,0
475.186,0,0,1521.63916015625,0
475.488,0,0,1521.63916015625,0
475.789,0,0,1506.864990234375,0
476.091,0,0,1505.551025390625,0
476.393,0,0,1503.874267578125,0
476.695,0,0,1501.91943359375,0
476.997,0,0,1500.911376953125,0
477.306,0,0,1499.85986328125,0
477.627,0,0,1499.85986328125,0
477.928,0,0,1499.85986328125,0
478.229,0,0,1499.85986328125,0
478.53,0,0,1499.85986328125,0
478.831,0,0,1499.85986328125,0
479.132,0,0,1499.85986328125,0
479.439,0,0,1499.85986328125,0
479.74,0,0,1499.85986328125,0
480.041,0,0,1485.55615234375,0
480.343,0,0,1484.284912109375,0
480.645,0,0,1482.685791015625,0
480.947,0,0,1481.388671875,0
481.249,0,0,1479.916748046875,0
481.557,0,0,1478.204833984375,0
481.879,0,0,1478.204833984375,0
482.155,0,0,1473.701904296875,0
482.457,0,0,1472.393310546875,0
482.759,0,0,1470.966796875,0
483.061,0,0,1470.966796875,0
483.362,0,0,1470.966796875,0
483.669,0,0,1470.966796875,0
483.971,0,0,1470.966796875,0
484.272,0,0,1470.966796875,0
484.582,0,0,1470.966796875,0
484.892,0,0,1470.966796875,0
485.202,0,0,1470.966796875,0
485.512,0,0,1470.966796875,0
485.819,0,0,1470.966796875,0
486.132,0,0,1470.966796875,0
486.408,0,0,1452.4208984375,0
486.709,0,0,1450.81201171875,0
487.011,0,0,1449.364501953125,0
487.313,0,0,1447.978515625,0
487.615,0,0,1447.027099609375,0
487.922,0,0,1447.027099609375,0
488.224,0,0,1447.027099609375,0
488.525,0,0,1447.027099609375,0
488.826,0,0,1447.027099609375,0
489.127,0,0,1447.027099609375,0
489.428,0,0,1447.027099609375,0
489.729,0,0,1447.027099609375,0
490.036,0,0,1447.027099609375,0
490.338,0,0,1447.027099609375,0
490.66,0,0,1432.22265625,0
490.935,0,0,1429.4541015625,0
491.237,0,0,1428.103759765625,0
491.539,0,0,1427.301025390625,0
491.841,0,0,1426.467529296875,0
492.149,0,0,1425.274169921875,0
492.45,0,0,1425.274169921875,0
492.751,0,0,1422.2314453125,0
493.053,0,0,1420.729736328125,0
493.355,0,0,1420.729736328125,0
493.656,0,0,1420.729736328125,0
493.957,0,0,1420.729736328125,0
494.264,0,0,1420.729736328125,0
494.565,0,0,1420.729736328125,0
494.875,0,0,1420.729736328125,0
495.185,0,0,1420.729736328125,0
495.495,0,0,1420.729736328125,0
495.805,0,0,1420.729736328125,0
496.106,0,0,1420.729736328125,0
496.414,0,0,1403.4384765625,0
496.715,0,0,1403.4384765625,0
497.016,0,0,1400.49609375,0
497.318,0,0,1398.8330078125,0
497.62,0,0,1397.468994140625,0
497.944,0,0,1396.197265625,0
498.245,0,0,1396.197265625,0
498.552,0,0,1396.197265625,0
498.853,0,0,1396.197265625,0
499.154,0,0,1396.197265625,0
499.455,0,0,1396.197265625,0
499.756,0,0,1396.197265625,0
500.057,0,0,1396.197265625,0
500.358,0,0,1383.40771484375,0
500.666,0,0,1381.95849609375,0
500.968,0,0,1381.95849609375,0
501.269,0,0,1379.52294921875,0
501.571,0,0,1377.465576171875,0
501.873,0,0,1375.822509765625,0
502.195,0,0,1374.489990234375,0
502.471,0,0,1371.92724609375,0
502.778,0,0,1370.513427734375,0
503.08,0,0,1370.513427734375,0
503.381,0,0,1370.513427734375,0
503.682,0,0,1370.513427734375,0
503.983,0,0,1370.513427734375,0
504.284,0,0,1370.513427734375,0
504.585,0,0,1370.513427734375,0
505.008,0,0,1370.513427734375,0
505.429,0,0,1370.513427734375,0
505.739,0,0,1370.513427734375,0
506.04,0,0,1370.513427734375,0
506.341,0,0,1354.748046875,0
506.643,0,0,1353.49462890625,0
506.951,0,0,1352.02685546875,0
507.274,0,0,1352.02685546875,0
507.55,0,0,1347.90771484375,0
507.852,0,0,1346.16552734375,0
508.154,0,0,1344.40625,0
508.456,0,0,1344.40625,0
508.757,0,0,1344.40625,0
509.064,0,0,1344.40625,0
509.366,0,0,1344.40625,0
509.667,0,0,1344.40625,0
509.968,0,0,1344.40625,0
510.269,0,0,1344.40625,0
510.57,0,0,1332.266357421875,0
510.872,0,0,1330.780517578125,0
511.181,0,0,1329.190673828125,0
511.482,0,0,1329.190673828125,0
511.802,0,0,1326.09130859375,0
512.078,0,0,1323.06298828125,0
512.38,0,0,1321.72705078125,0
512.682,0,0,1320.622314453125,0
512.984,0,0,1319.334716796875,0
513.292,0,0,1317.93017578125,0
513.594,0,0,1317.93017578125,0
513.895,0,0,1317.93017578125,0
514.196,0,0,1317.93017578125,0
514.497,0,0,1317.93017578125,0
514.798,0,0,1317.93017578125,0
515.108,0,0,1317.93017578125,0
515.531,0,0,1317.93017578125,0
515.841,0,0,1317.93017578125,0
516.142,0,0,1317.93017578125,0
516.443,0,0,1302.072021484375,0
516.745,0,0,1300.074951171875,0
517.047,0,0,1298.61865234375,0
517.349,0,0,1297.54541015625,0
517.657,0,0,1295.85400390625,0
517.984,0,0,1295.85400390625,0
518.26,0,0,1291.460693359375,0
518.562,0,0,1291.460693359375,0
518.863,0,0,1291.460693359375,0
519.164,0,0,1291.460693359375,0
519.465,0,0,1291.460693359375,0
519.772,0,0,1291.460693359375,0
520.074,0,0,1291.460693359375,0
520.375,0,0,1291.460693359375,0
520.676,0,0,1280.141357421875,0
520.978,0,0,1278.670166015625,0
521.28,0,0,1277.36962890625,0
521.582,0,0,1276.20556640625,0
521.89,0,0,1275.13427734375,0
522.192,0,0,1275.13427734375,0
522.512,0,0,1271.9130859375,0
522.787,0,0,1270.08984375,0
523.089,0,0,1268.814453125,0
523.391,0,0,1267.148681640625,0
523.692,0,0,1267.148681640625,0
523.999,0,0,1267.148681640625,0
524.3,0,0,1267.148681640625,0
524.601,0,0,1267.148681640625,0
524.902,0,0,1267.148681640625,0
525.212,0,0,1267.148681640625,0
525.522,0,0,1267.148681640625,0
525.832,0,0,1267.148681640625,0
526.255,0,0,1267.148681640625,0
526.557,0,0,1267.148681640625,0
526.858,0,0,1249.506103515625,0
527.16,0,0,1247.565185546875,0
527.462,0,0,1245.90673828125,0
527.764,0,0,1244.554443359375,0
528.066,0,0,1242.927978515625,0
528.375,0,0,1241.31884765625,0
528.676,0,0,1241.31884765625,0
528.977,0,0,1241.31884765625,0
529.278,0,0,1241.31884765625,0
529.579,0,0,1241.31884765625,0
529.88,0,0,1241.31884765625,0
530.181,0,0,1241.31884765625,0
530.488,0,0,1241.31884765625,0
530.79,0,0,1241.31884765625,0
531.091,0,0,1228.2734375,0
531.393,0,0,1226.852783203125,0
531.695,0,0,1225.451416015625,0
531.997,0,0,1223.86572265625,0
532.299,0,0,1222.5009765625,0
532.607,0,0,1221.108642578125,0
532.909,0,0,1221.108642578125,0
533.221,0,0,1217.999267578125,0
533.496,0,0,1215.072021484375,0
533.798,0,0,1215.072021484375,0
534.099,0,0,1215.072021484375,0
534.4,0,0,1215.072021484375,0
534.707,0,0,1215.072021484375,0
535.008,0,0,1215.072021484375,0
535.318,0,0,1215.072021484375,0
535.628,0,0,1215.072021484375,0
535.938,0,0,1215.072021484375,0
536.248,0,0,1215.072021484375,0
536.549,0,0,1215.072021484375,0
536.856,0,0,1215.072021484375,0
537.158,0,0,1215.072021484375,0
537.473,0,0,1197.892822265625,0
537.748,0,0,1195.028564453125,0
538.05,0,0,1193.7802734375,0
538.352,0,0,1192.405029296875,0
538.654,0,0,1190.972412109375,0
538.962,0,0,1190.972412109375,0
539.264,0,0,1190.972412109375,0
539.565,0,0,1190.972412109375,0
539.866,0,0,1190.972412109375,0
540.167,0,0,1190.972412109375,0
540.468,0,0,1190.972412109375,0
540.769,0,0,1190.972412109375,0
541.076,0,0,1180.118896484375,0
541.378,0,0,1180.118896484375,0
541.679,0,0,1177.369384765625,0
542.001,0,0,1176.094482421875,0
542.276,0,0,1173.286865234375,0
542.578,0,0,1171.867431640625,0
542.88,0,0,1170.29150390625,0
543.188,0,0,1168.9609375,0
543.49,0,0,1168.9609375,0
543.791,0,0,1166.47314453125,0
544.093,0,0,1166.47314453125,0
544.394,0,0,1166.47314453125,0
544.695,0,0,1166.47314453125,0
544.996,0,0,1166.47314453125,0
545.303,0,0,1166.47314453125,0
545.614,0,0,1166.47314453125,0
545.924,0,0,1166.47314453125,0
546.234,0,0,1166.47314453125,0
546.544,0,0,1166.47314453125,0
546.845,0,0,1166.47314453125,0
547.146,0,0,1147.58642578125,0
547.454,0,0,1145.935302734375,0
547.756,0,0,1145.935302734375,0
548.057,0,0,1143.050537109375,0
548.359,0,0,1141.740234375,0
548.661,0,0,1140.234619140625,0
548.963,0,0,1138.829833984375,0
549.265,0,0,1138.829833984375,0
549.572,0,0,1138.829833984375,0
549.874,0,0,1138.829833984375,0
550.175,0,0,1138.829833984375,0
550.476,0,0,1138.829833984375,0
550.777,0,0,1138.829833984375,0
551.078,0,0,1125.2900390625,0
551.38,0,0,1124.245849609375,0
551.688,0,0,1122.875244140625,0
551.99,0,0,1122.875244140625,0
552.291,0,0,1120.667236328125,0
552.593,0,0,1119.462890625,0
552.895,0,0,1118.1171875,0
553.197,0,0,1116.667724609375,0
553.499,0,0,1115.15087890625,0
553.82,0,0,1113.75927734375,0
554.121,0,0,1113.75927734375,0
554.422,0,0,1113.75927734375,0
554.723,0,0,1113.75927734375,0
555.024,0,0,1113.75927734375,0
555.325,0,0,1113.75927734375,0
555.635,0,0,1113.75927734375,0
556.058,0,0,1113.75927734375,0
556.369,0,0,1113.75927734375,0
556.67,0,0,1113.75927734375,0
556.971,0,0,1097.45556640625,0
557.273,0,0,1096.0274658203125,0
557.575,0,0,1094.2969970703125,0
557.877,0,0,1092.5009765625,0
558.185,0,0,1090.958984375,0
558.487,0,0,1090.958984375,0
558.788,0,0,1088.1884765625,0
559.09,0,0,1086.951416015625,0
559.392,0,0,1086.951416015625,0
559.693,0,0,1086.951416015625,0
559.994,0,0,1086.951416015625,0
560.301,0,0,1086.951416015625,0
560.603,0,0,1086.951416015625,0
560.904,0,0,1086.951416015625,0
561.214,0,0,1086.951416015625,0
561.49,0,0,1074.1220703125,0
561.791,0,0,1072.2401123046875,0
562.093,0,0,1070.7640380859375,0
562.402,0,0,1069.0556640625,0
562.703,0,0,1069.0556640625,0
563.004,0,0,1066.259033203125,0
563.306,0,0,1064.8521728515625,0
563.608,0,0,1063.655517578125,0
563.91,0,0,1062.053466796875,0
564.212,0,0,1060.5361328125,0
564.52,0,0,1060.5361328125,0
564.822,0,0,1060.5361328125,0
565.123,0,0,1060.5361328125,0
565.424,0,0,1060.5361328125,0
565.734,0,0,1060.5361328125,0
566.044,0,0,1060.5361328125,0
566.354,0,0,1060.5361328125,0
566.777,0,0,1060.5361328125,0
567.078,0,0,1060.5361328125,0
567.396,0,0,1042.7908935546875,0
567.671,0,0,1040.0418701171875,0
567.973,0,0,1038.9171142578125,0
568.275,0,0,1037.77001953125,0
568.577,0,0,1036.2952880859375,0
568.885,0,0,1034.817626953125,0
569.186,0,0,1034.817626953125,0
569.487,0,0,1034.817626953125,0
569.788,0,0,1034.817626953125,0
570.089,0,0,1034.817626953125,0
570.39,0,0,1034.817626953125,0
570.691,0,0,1034.817626953125,0
570.998,0,0,1034.817626953125,0
571.3,0,0,1034.817626953125,0
571.601,0,0,1018.846435546875,0
571.925,0,0,1017.24658203125,0
572.201,0,0,1014.568603515625,0
572.502,0,0,1013.230224609375,0
572.804,0,0,1011.9671630859375,0
573.112,0,0,1010.59130859375,0
573.414,0,0,1010.59130859375,0
573.715,0,0,1008.1705322265625,0
574.017,0,0,1006.937744140625,0
574.319,0,0,1005.4932861328125,0
574.621,0,0,1005.4932861328125,0
574.922,0,0,1005.4932861328125,0
575.229,0,0,1005.4932861328125,0
575.531,0,0,1005.4932861328125,0
575.841,0,0,1005.4932861328125,0
576.151,0,0,1005.4932861328125,0
576.461,0,0,1005.4932861328125,0
576.771,0,0,1005.4932861328125,0
577.072,0,0,1005.4932861328125,0
577.379,0,0,990.437255859375,0
577.681,0,0,990.437255859375,0
577.982,0,0,987.35595703125,0
578.284,0,0,985.954345703125,0
578.586,0,0,984.3853759765625,0
578.888,0,0,982.7747802734375,0
579.21,0,0,981.5908203125,0
579.517,0,0,981.5908203125,0
579.819,0,0,981.5908203125,0
580.12,0,0,981.5908203125,0
580.421,0,0,981.5908203125,0
580.722,0,0,981.5908203125,0
581.023,0,0,981.5908203125,0
581.324,0,0,981.5908203125,0
581.631,0,0,967.9390869140625,0
581.933,0,0,967.9390869140625,0
582.234,0,0,964.74609375,0
582.536,0,0,963.37646484375,0
582.838,0,0,961.715087890625,0
583.14,0,0,959.877685546875,0
583.462,0,0,957.8563232421875,0
583.744,0,0,954.5118408203125,0
584.046,0,0,954.5118408203125,0
584.347,0,0,951.4705810546875,0
584.648,0,0,951.4705810546875,0
584.949,0,0,951.4705810546875,0
585.25,0,0,951.4705810546875,0
585.551,0,0,951.4705810546875,0
585.974,0,0,951.4705810546875,0
586.285,0,0,951.4705810546875,0
586.595,0,0,951.4705810546875,0
586.896,0,0,951.4705810546875,0
587.197,0,0,935.996826171875,0
587.499,0,0,934.8179931640625,0
587.801,0,0,933.4478759765625,0
588.109,0,0,932.06103515625,0
588.411,0,0,932.06103515625,0
588.712,0,0,929.231201171875,0
589.014,0,0,927.8289794921875,0
589.316,0,0,925.964599609375,0
589.618,0,0,924.8040771484375,0
589.92,0,0,924.8040771484375,0
590.227,0,0,924.8040771484375,0
590.528,0,0,924.8040771484375,0
590.829,0,0,924.8040771484375,0
591.13,0,0,924.8040771484375,0
591.431,0,0,924.8040771484375,0
591.732,0,0,913.010986328125,0
592.034,0,0,912.0308837890625,0
592.342,0,0,910.466064453125,0
592.644,0,0,910.466064453125,0
592.945,0,0,907.4293212890625,0
593.247,0,0,905.79638671875,0
593.549,0,0,904.5291748046875,0
593.851,0,0,903.17578125,0
594.17,0,0,902.0146484375,0
594.452,0,0,898.36181640625,0
594.754,0,0,898.36181640625,0
595.055,0,0,898.36181640625,0
595.356,0,0,898.36181640625,0
595.657,0,0,898.36181640625,0
595.967,0,0,898.36181640625,0
596.277,0,0,898.36181640625,0
596.7,0,0,898.36181640625,0
597.001,0,0,898.36181640625,0
597.331,0,0,885.985107421875,0
597.606,0,0,883.2314453125,0
597.908,0,0,881.8038330078125,0
598.21,0,0,880.171630859375,0
598.512,0,0,878.643310546875,0
598.82,0,0,877.489501953125,0
599.122,0,0,877.489501953125,0
599.423,0,0,874.2838134765625,0
599.725,0,0,872.7197265625,0
600.027,0,0,872.7197265625,0
600.328,0,0,872.7197265625,0
600.629,0,0,872.7197265625,0
600.936,0,0,872.7197265625,0
601.237,0,0,872.7197265625,0
601.538,0,0,872.7197265625,0
601.861,0,0,872.7197265625,0
602.137,0,0,858.21142578125,0
602.439,0,0,856.3333740234375,0
602.741,0,0,854.6055908203125,0
603.049,0,0,852.984130859375,0
603.351,0,0,852.984130859375,0
603.652,0,0,850.2052001953125,0
603.954,0,0,848.9674072265625,0
604.256,0,0,847.5880126953125,0
604.558,0,0,846.1866455078125,0
604.86,0,0,845.0498046875,0
605.168,0,0,845.0498046875,0
605.47,0,0,845.0498046875,0
605.771,0,0,845.0498046875,0
606.081,0,0,845.0498046875,0
606.391,0,0,845.0498046875,0
606.701,0,0,845.0498046875,0
607.011,0,0,845.0498046875,0
607.318,0,0,845.0498046875,0
607.62,0,0,845.0498046875,0
607.921,0,0,827.0677490234375,0
608.223,0,0,825.18798828125,0
608.55,0,0,824.144287109375,0
608.825,0,0,821.029296875,0
609.127,0,0,818.7999267578125,0
609.436,0,0,816.9818115234375,0
609.737,0,0,816.9818115234375,0
610.038,0,0,816.9818115234375,0
610.339,0,0,816.9818115234375,0
610.64,0,0,816.9818115234375,0
610.941,0,0,816.9818115234375,0
611.242,0,0,816.9818115234375,0
611.549,0,0,816.9818115234375,0
611.851,0,0,816.9818115234375,0
612.152,0,0,804.50048828125,0
612.454,0,0,803.27734375,0
612.756,0,0,801.9832763671875,0
613.079,0,0,800.735107421875,0
613.355,0,0,797.772705078125,0
613.662,0,0,796.1441650390625,0
613.964,0,0,796.1441650390625,0
614.265,0,0,793.3779296875,0
614.567,0,0,791.9530029296875,0
614.869,0,0,790.5831298828125,0
615.171,0,0,790.5831298828125,0
615.472,0,0,790.5831298828125,0
615.779,0,0,790.5831298828125,0
616.09,0,0,790.5831298828125,0
616.4,0,0,790.5831298828125,0
616.71,0,0,790.5831298828125,0
617.02,0,0,790.5831298828125,0
617.321,0,0,790.5831298828125,0
617.622,0,0,776.53173828125,0
617.93,0,0,775.1954345703125,0
618.232,0,0,775.1954345703125,0
618.558,0,0,772.4168701171875,0
618.834,0,0,769.6068115234375,0
619.136,0,0,767.9932861328125,0
619.438,0,0,766.4197998046875,0
619.74,0,0,765.02783203125,0
620.048,0,0,763.41943359375,0
620.35,0,0,763.41943359375,0
620.651,0,0,763.41943359375,0
620.952,0,0,763.41943359375,0
621.253,0,0,763.41943359375,0
621.554,0,0,763.41943359375,0
621.855,0,0,763.41943359375,0
622.162,0,0,763.41943359375,0
622.464,0,0,763.41943359375,0
622.765,0,0,748.992431640625,0
623.085,0,0,747.3135986328125,0
623.36,0,0,744.3929443359375,0
623.662,0,0,742.9403076171875,0
623.964,0,0,741.2178955078125,0
624.272,0,0,739.541259765625,0
624.574,0,0,739.541259765625,0
624.875,0,0,736.57861328125,0
625.177,0,0,734.8699951171875,0
625.479,0,0,734.8699951171875,0
625.78,0,0,734.8699951171875,0
626.09,0,0,734.8699951171875,0
626.513,0,0,734.8699951171875,0
626.823,0,0,734.8699951171875,0
627.124,0,0,734.8699951171875,0
627.454,0,0,734.8699951171875,0
627.73,0,0,720.629150390625,0
628.032,0,0,718.7996826171875,0
628.334,0,0,717.2078857421875,0
628.642,0,0,715.563720703125,0
628.944,0,0,715.563720703125,0
629.245,0,0,713.0966796875,0
629.547,0,0,711.751220703125,0
629.849,0,0,710.0189208984375,0
630.151,0,0,708.61767578125,0
630.453,0,0,707.2740478515625,0
630.761,0,0,707.2740478515625,0
631.062,0,0,707.2740478515625,0
631.363,0,0,707.2740478515625,0
631.664,0,0,707.2740478515625,0
631.965,0,0,707.2740478515625,0
632.266,0,0,707.2740478515625,0
632.567,0,0,694.306396484375,0
632.875,0,0,692.9608154296875,0
633.177,0,0,692.9608154296875,0
633.478,0,0,689.898681640625,0
633.78,0,0,688.3826904296875,0
634.082,0,0,687.04443359375,0
634.384,0,0,685.6248779296875,0
634.686,0,0,684.289794921875,0
635.019,0,0,682.718994140625,0
635.321,0,0,682.718994140625,0
635.622,0,0,682.718994140625,0
635.923,0,0,682.718994140625,0
636.233,0,0,682.718994140625,0
636.543,0,0,682.718994140625,0
636.853,0,0,682.718994140625,0
637.276,0,0,682.718994140625,0
637.598,0,0,682.718994140625,0
637.874,0,0,666.471435546875,0
638.176,0,0,664.8673095703125,0
638.478,0,0,663.1363525390625,0
638.78,0,0,661.234619140625,0
639.082,0,0,659.6820068359375,0
639.39,0,0,658.023193359375,0
639.692,0,0,658.023193359375,0
639.993,0,0,655.26953125,0
640.295,0,0,653.3955078125,0
640.597,0,0,651.8509521484375,0
640.899,0,0,651.8509521484375,0
641.2,0,0,651.8509521484375,0
641.507,0,0,651.8509521484375,0
641.809,0,0,651.8509521484375,0
642.11,0,0,651.8509521484375,0
642.411,0,0,651.8509521484375,0
642.712,0,0,638.7139892578125,0
643.014,0,0,637.54638671875,0
643.316,0,0,636.24169921875,0
643.624,0,0,634.947265625,0
643.926,0,0,634.947265625,0
644.227,0,0,632.1754150390625,0
644.529,0,0,630.9317626953125,0
644.831,0,0,629.7471923828125,0
645.155,0,0,628.6761474609375,0
645.457,0,0,628.6761474609375,0
645.764,0,0,628.6761474609375,0
646.066,0,0,628.6761474609375,0
646.376,0,0,628.6761474609375,0
646.686,0,0,628.6761474609375,0
646.996,0,0,628.6761474609375,0
647.306,0,0,628.6761474609375,0
647.607,0,0,628.6761474609375,0
647.914,0,0,616.2247314453125,0
648.216,0,0,616.2247314453125,0
648.517,0,0,613.230712890625,0
648.844,0,0,611.9825439453125,0
649.119,0,0,609.164794921875,0
649.421,0,0,607.597412109375,0
649.723,0,0,605.7100830078125,0
650.031,0,0,604.189208984375,0
650.333,0,0,604.189208984375,0
650.634,0,0,601.9805908203125,0
650.936,0,0,601.9805908203125,0
651.237,0,0,601.9805908203125,0
651.538,0,0,601.9805908203125,0
651.839,0,0,601.9805908203125,0
652.146,0,0,601.9805908203125,0
652.448,0,0,601.9805908203125,0
652.749,0,0,601.9805908203125,0
653.05,0,0,589.6982421875,0
653.37,0,0,588.1424560546875,0
653.646,0,0,585.3621826171875,0
653.948,0,0,583.82177734375,0
654.256,0,0,582.3834228515625,0
654.558,0,0,582.3834228515625,0
654.859,0,0,579.4456787109375,0
655.161,0,0,579.4456787109375,0
655.462,0,0,577.6146240234375,0
655.764,0,0,576.2685546875,0
656.066,0,0,576.2685546875,0
656.489,0,0,576.2685546875,0
656.799,0,0,576.2685546875,0
657.109,0,0,576.2685546875,0
657.41,0,0,576.2685546875,0
657.74,0,0,576.2685546875,0
658.016,0,0,562.865478515625,0
658.318,0,0,561.2647705078125,0
658.626,0,0,559.147216796875,0
658.928,0,0,559.147216796875,0
659.229,0,0,556.189697265625,0
659.531,0,0,554.6414794921875,0
659.833,0,0,553.03759765625,0
660.135,0,0,551.8328857421875,0
660.437,0,0,550.64453125,0
660.78,0,0,549.244384765625,0
661.081,0,0,549.244384765625,0
661.382,0,0,549.244384765625,0
661.683,0,0,549.244384765625,0
661.984,0,0,549.244384765625,0
662.285,0,0,549.244384765625,0
662.586,0,0,549.244384765625,0
662.893,0,0,549.244384765625,0
663.195,0,0,549.244384765625,0
663.496,0,0,535.961669921875,0
663.798,0,0,534.645751953125,0
664.1,0,0,533.5714111328125,0
664.402,0,0,531.919921875,0
664.704,0,0,530.3287353515625,0
665.03,0,0,528.862548828125,0
665.332,0,0,528.862548828125,0
665.633,0,0,525.7869873046875,0
665.935,0,0,524.6102294921875,0
666.237,0,0,524.6102294921875,0
666.547,0,0,524.6102294921875,0
666.857,0,0,524.6102294921875,0
667.28,0,0,524.6102294921875,0
667.581,0,0,524.6102294921875,0
667.913,0,0,516.9337158203125,0
668.188,0,0,514.0972900390625,0
668.49,0,0,512.7115478515625,0
668.792,0,0,511.405517578125,0
669.094,0,0,510.2261962890625,0
669.402,0,0,509.2076416015625,0
669.703,0,0,509.2076416015625,0
670.004,0,0,507.2203369140625,0
670.306,0,0,505.985595703125,0
670.608,0,0,504.72900390625,0
670.91,0,0,503.5394287109375,0
671.212,0,0,502.4129638671875,0
671.519,0,0,502.4129638671875,0
671.821,0,0,502.4129638671875,0
672.122,0,0,502.4129638671875,0
672.423,0,0,502.4129638671875,0
672.724,0,0,502.4129638671875,0
673.025,0,0,502.4129638671875,0
673.326,0,0,491.1822509765625,0
673.634,0,0,489.9305419921875,0
673.936,0,0,489.9305419921875,0
674.237,0,0,488.0379638671875,0
674.539,0,0,487.1063232421875,0
674.841,0,0,485.8013916015625,0
675.143,0,0,484.4791259765625,0
675.47,0,0,483.1514892578125,0
675.752,0,0,480.5810546875,0
676.054,0,0,480.5810546875,0
676.355,0,0,480.5810546875,0
676.665,0,0,480.5810546875,0
676.975,0,0,480.5810546875,0
677.285,0,0,480.5810546875,0
677.595,0,0,480.5810546875,0
677.902,0,0,480.5810546875,0
678.204,0,0,480.5810546875,0
678.505,0,0,468.3876953125,0
678.807,0,0,466.9805908203125,0
679.132,0,0,465.7275390625,0
679.408,0,0,463.88134765625,0
679.71,0,0,462.366943359375,0
680.017,0,0,461.1004638671875,0
680.319,0,0,461.1004638671875,0
680.62,0,0,458.3514404296875,0
680.922,0,0,457.195068359375,0
681.224,0,0,455.9642333984375,0
681.526,0,0,455.9642333984375,0
681.827,0,0,455.9642333984375,0
682.134,0,0,455.9642333984375,0
682.435,0,0,455.9642333984375,0
682.736,0,0,455.9642333984375,0
683.037,0,0,455.9642333984375,0
683.338,0,0,455.9642333984375,0
683.658,0,0,444.563720703125,0
683.933,0,0,442.4918212890625,0
684.241,0,0,441.225341796875,0
684.542,0,0,441.225341796875,0
684.843,0,0,438.3895263671875,0
685.145,0,0,437.0360107421875,0
685.447,0,0,435.2884521484375,0
685.749,0,0,433.891845703125,0
686.051,0,0,432.3876953125,0
686.359,0,0,430.8785400390625,0
686.67,0,0,430.8785400390625,0
686.98,0,0,430.8785400390625,0
687.29,0,0,430.8785400390625,0
687.6,0,0,430.8785400390625,0
687.901,0,0,430.8785400390625,0
688.202,0,0,422.4210205078125,0
688.51,0,0,421.188232421875,0
688.812,0,0,421.188232421875,0
689.137,0,0,418.19677734375,0
689.413,0,0,415.9053955078125,0
689.714,0,0,414.5089111328125,0
690.016,0,0,412.8936767578125,0
690.318,0,0,410.949951171875,0
690.625,0,0,409.2672119140625,0
690.927,0,0,409.2672119140625,0
691.228,0,0,406.8499755859375,0
691.53,0,0,405.380615234375,0
691.832,0,0,405.380615234375,0
692.133,0,0,405.380615234375,0
692.434,0,0,405.380615234375,0
692.741,0,0,405.380615234375,0
693.043,0,0,405.380615234375,0
693.344,0,0,405.380615234375,0
693.663,0,0,405.380615234375,0
693.939,0,0,390.594970703125,0
694.24,0,0,389.18359375,0
694.542,0,0,388.1729736328125,0
694.85,0,0,387.3145751953125,0
695.152,0,0,387.3145751953125,0
695.453,0,0,385.171630859375,0
695.755,0,0,383.853759765625,0
696.057,0,0,382.675048828125,0
696.359,0,0,381.4354248046875,0
696.67,0,0,380.1209716796875,0
697.093,0,0,380.1209716796875,0
697.404,0,0,380.1209716796875,0
697.705,0,0,380.1209716796875,0
698.035,0,0,380.1209716796875,0
698.31,0,0,371.7235107421875,0
698.612,0,0,370.2227783203125,0
698.914,0,0,368.8206787109375,0
699.222,0,0,367.363525390625,0
699.524,0,0,367.363525390625,0
699.825,0,0,364.5006103515625,0
700.127,0,0,362.8123779296875,0
700.429,0,0,361.49462890625,0
700.731,0,0,360.04248046875,0
701.066,0,0,359.083984375,0
701.349,0,0,355.6285400390625,0
701.65,0,0,355.6285400390625,0
701.951,0,0,355.6285400390625,0
702.252,0,0,355.6285400390625,0
702.553,0,0,355.6285400390625,0
702.854,0,0,355.6285400390625,0
703.155,0,0,355.6285400390625,0
703.462,0,0,355.6285400390625,0
703.764,0,0,355.6285400390625,0
704.065,0,0,341.618896484375,0
704.367,0,0,340.1966552734375,0
704.669,0,0,338.63037109375,0
704.971,0,0,337.2071533203125,0
705.273,0,0,335.62548828125,0
705.6,0,0,333.73876953125,0
705.902,0,0,333.73876953125,0
706.203,0,0,329.160888671875,0
706.505,0,0,327.43408203125,0
706.816,0,0,325.857177734375,0
707.126,0,0,325.857177734375,0
707.436,0,0,325.857177734375,0
707.859,0,0,325.857177734375,0
708.18,0,0,325.857177734375,0
708.456,0,0,316.028076171875,0
708.758,0,0,314.4205322265625,0
709.06,0,0,313.076904296875,0
709.362,0,0,311.491943359375,0
709.663,0,0,310.094482421875,0
709.971,0,0,308.5123291015625,0
710.272,0,0,308.5123291015625,0
710.573,0,0,305.3968505859375,0
710.875,0,0,303.88037109375,0
711.177,0,0,302.81982421875,0
711.487,0,0,301.9095458984375,0
711.763,0,0,299.431396484375,0
712.071,0,0,299.431396484375,0
712.373,0,0,299.431396484375,0
712.674,0,0,299.431396484375,0
712.975,0,0,299.431396484375,0
713.276,0,0,299.431396484375,0
713.577,0,0,299.431396484375,0
713.878,0,0,299.431396484375,0
714.185,0,0,288.42578125,0
714.486,0,0,288.42578125,0
714.787,0,0,285.956298828125,0
715.089,0,0,284.660400390625,0
715.391,0,0,283.443359375,0
715.693,0,0,282.0054931640625,0
716.015,0,0,280.746337890625,0
716.297,0,0,278.332763671875,0
716.599,0,0,278.332763671875,0
716.909,0,0,275.652587890625,0
717.219,0,0,275.652587890625,0
717.529,0,0,275.652587890625,0
717.839,0,0,275.652587890625,0
718.14,0,0,275.652587890625,0
718.447,0,0,268.915283203125,0
718.748,0,0,268.915283203125,0
719.049,0,0,266.2186279296875,0
719.375,0,0,264.8948974609375,0
719.651,0,0,262.134033203125,0
719.953,0,0,260.6292724609375,0
720.255,0,0,259.1171875,0
720.563,0,0,257.65869140625,0
720.865,0,0,257.65869140625,0
721.166,0,0,255.191162109375,0
721.468,0,0,253.435302734375,0
721.77,0,0,251.6630859375,0
722.072,0,0,250.1846923828125,0
722.374,0,0,249.3720703125,0
722.682,0,0,249.3720703125,0
722.984,0,0,249.3720703125,0
723.285,0,0,249.3720703125,0
723.586,0,0,249.3720703125,0
723.887,0,0,249.3720703125,0
724.188,0,0,249.3720703125,0
724.489,0,0,237.5421142578125,0
724.797,0,0,236.176513671875,0
725.099,0,0,236.176513671875,0
725.4,0,0,233.337158203125,0
725.702,0,0,231.5263671875,0
726.004,0,0,230.0955810546875,0
726.306,0,0,230.0955810546875,0
726.607,0,0,226.8592529296875,0
727.056,0,0,225.4532470703125,0
727.366,0,0,225.4532470703125,0
727.676,0,0,225.4532470703125,0
727.977,0,0,225.4532470703125,0
728.278,0,0,216.416015625,0
728.58,0,0,215.0826416015625,0
728.882,0,0,215.0826416015625,0
729.189,0,0,212.638916015625,0
729.49,0,0,212.638916015625,0
729.791,0,0,210.173828125,0
730.108,0,0,208.8519287109375,0
730.384,0,0,206.2293701171875,0
730.685,0,0,204.8280029296875,0
730.987,0,0,203.3751220703125,0
731.295,0,0,201.9913330078125,0
731.597,0,0,201.9913330078125,0
731.898,0,0,198.4781494140625,0
732.2,0,0,197.08837890625,0
732.502,0,0,195.7156982421875,0
732.804,0,0,195.7156982421875,0
733.105,0,0,195.7156982421875,0
733.412,0,0,195.7156982421875,0
733.714,0,0,195.7156982421875,0
734.015,0,0,195.7156982421875,0
734.316,0,0,195.7156982421875,0
734.635,0,0,195.7156982421875,0
734.911,0,0,181.43408203125,0
735.213,0,0,180.161376953125,0
735.521,0,0,178.648681640625,0
735.823,0,0,178.648681640625,0
736.124,0,0,175.453369140625,0
736.426,0,0,173.97802734375,0
736.728,0,0,172.394287109375,0
737.039,0,0,171.0540771484375,0
737.349,0,0,171.0540771484375,0
737.772,0,0,171.0540771484375,0
738.074,0,0,171.0540771484375,0
738.375,0,0,163.1943359375,0
738.677,0,0,161.35791015625,0
738.989,0,0,159.920166015625,0
739.265,0,0,156.8104248046875,0
739.567,0,0,155.1312255859375,0
739.875,0,0,153.4420166015625,0
740.177,0,0,153.4420166015625,0
740.478,0,0,150.7530517578125,0
740.78,0,0,149.5472412109375,0
741.082,0,0,147.5660400390625,0
741.384,0,0,146.597900390625,0
741.686,0,0,145.6595458984375,0
742.028,0,0,144.453857421875,0
742.33,0,0,144.453857421875,0
742.631,0,0,140.10400390625,0
742.933,0,0,140.10400390625,0
743.234,0,0,140.10400390625,0
743.535,0,0,140.10400390625,0
743.836,0,0,140.10400390625,0
744.143,0,0,140.10400390625,0
744.445,0,0,140.10400390625,0
744.746,0,0,140.10400390625,0
745.047,0,0,126.296630859375,0
745.349,0,0,125.0953369140625,0
745.651,0,0,123.5673828125,0
745.953,0,0,122.255615234375,0
746.278,0,0,120.6524658203125,0
746.58,0,0,120.6524658203125,0
746.881,0,0,116.3282470703125,0
747.192,0,0,114.93505859375,0
747.502,0,0,114.93505859375,0
747.812,0,0,114.93505859375,0
748.122,0,0,114.93505859375,0
748.429,0,0,114.93505859375,0
748.731,0,0,114.93505859375,0
749.032,0,0,106.9027099609375,0
749.334,0,0,105.9049072265625,0
749.636,0,0,104.64794921875,0
749.938,0,0,103.1248779296875,0
750.24,0,0,101.875,0
750.562,0,0,100.5858154296875,0
750.863,0,0,100.5858154296875,0
751.164,0,0,96.959228515625,0
751.466,0,0,95.36572265625,0
751.768,0,0,93.980712890625,0
752.07,0,0,92.8095703125,0
752.372,0,0,91.2667236328125,0
752.681,0,0,89.86480712890625,0
752.982,0,0,89.86480712890625,0
753.283,0,0,89.86480712890625,0
753.584,0,0,89.86480712890625,0
753.885,0,0,89.86480712890625,0
754.186,0,0,89.86480712890625,0
754.487,0,0,89.86480712890625,0
754.794,0,0,89.86480712890625,0
755.096,0,0,75.98388671875,0
755.398,0,0,74.8162841796875,0
755.7,0,0,73.67108154296875,0
756.002,0,0,72.79638671875,0
756.304,0,0,71.65008544921875,0
756.606,0,0,70.3489990234375,0
756.914,0,0,69.01727294921875,0
757.225,0,0,69.01727294921875,0
757.535,0,0,69.01727294921875,0
757.845,0,0,69.01727294921875,0
758.155,0,0,69.01727294921875,0
758.456,0,0,69.01727294921875,0
758.757,0,0,59.69110107421875,0
759.066,0,0,58.288818359375,0
759.367,0,0,58.288818359375,0
759.668,0,0,55.363037109375,0
759.97,0,0,53.63739013671875,0
760.272,0,0,52.02581787109375,0
760.588,0,0,50.4425048828125,0
760.863,0,0,47.42083740234375,0
761.172,0,0,45.4007568359375,0
761.473,0,0,45.4007568359375,0
761.774,0,0,43.04278564453125,0
762.075,0,0,41.762939453125,0
762.377,0,0,40.53326416015625,0
762.679,0,0,39.232421875,0
762.981,0,0,37.99700927734375,0
763.289,0,0,36.91534423828125,0
763.59,0,0,36.91534423828125,0
763.891,0,0,36.91534423828125,0
764.192,0,0,36.91534423828125,0
764.493,0,0,36.91534423828125,0
764.794,0,0,36.91534423828125,0
765.095,0,0,36.91534423828125,0
765.402,0,0,25.83258056640625,0
765.703,0,0,25.83258056640625,0
766.004,0,0,23.2564697265625,0
766.306,0,0,21.89031982421875,0
766.608,0,0,20.4599609375,0
766.909,0,0,18.9407958984375,0
767.211,0,0,17.42059326171875,0
767.635,0,0,16.2353515625,0
767.946,0,0,16.2353515625,0
768.256,0,0,16.2353515625,0
768.557,0,0,16.2353515625,0
768.858,0,0,16.2353515625,0
769.159,0,0,6.99810791015625,0
769.461,0,0,5.9144287109375,0
769.769,0,0,5.9144287109375,0
770.07,0,0,5.9144287109375,0
770.371,0,0,5.9144287109375,0
770.672,0,0,5.9144287109375,0
770.973,0,0,5.9144287109375,0
771.274,0,0,5.9144287109375,0
771.575,0,0,5.9144287109375,0
771.882,0,0,5.9144287109375,0
772.184,0,0,5.9144287109375,0
772.485,0,0,5.9144287109375,0
772.786,0,0,5.9144287109375,0
773.087,0,0,5.9144287109375,0
773.388,0,0,5.9144287109375,0
773.689,0,0,5.9144287109375,0
773.996,0,0,5.9144287109375,0
774.298,0,0,5.9144287109375,0
774.599,0,0,5.9144287109375,0
774.9,0,0,5.9144287109375,0
775.201,0,0,5.9144287109375,0
775.502,0,0,5.9144287109375,0
775.803,0,0,5.9144287109375,0
776.11,0,0,5.9144287109375,0
776.412,0,0,5.9144287109375,0
776.713,0,0,0.77984619140625,0
777.015,0,0,0.77984619140625,0
777.316,0,0,0.8248291015625,0
777.627,0,0,0.8248291015625,0
777.937,0,0,0.8248291015625,0
778.36,0,0,0.8248291015625,0
778.661,0,0,0.8248291015625,0
778.962,0,0,0.8248291015625,0
779.263,0,0,0.8248291015625,0
779.564,0,0,0.8248291015625,0
779.865,0,0,0.8248291015625,0
780.166,0,0,0.8248291015625,0
780.473,0,0,0.8248291015625,0
780.775,0,0,0.8248291015625,0
781.076,0,0,0.8248291015625,0
781.377,0,0,0.8248291015625,0
781.678,0,0,0.8248291015625,0
781.979,0,0,0.8248291015625,0
782.28,0,0,0.8248291015625,0
782.587,0,0,0.8248291015625,0
782.889,0,0,0.8248291015625,0
783.19,0,0,0.8248291015625,0
783.491,0,0,0.8248291015625,0
783.792,0,0,0.8248291015625,0
784.093,0,0,0.8248291015625,0
784.394,0,0,0.8248291015625,0
784.701,0,0,0.8248291015625,0
785.002,0,0,0.8248291015625,0
785.303,0,0,0.8248291015625,0
785.604,0,0,0.8248291015625,0
785.905,0,0,0.8248291015625,0
786.206,0,0,0.8248291015625,0
786.507,0,0,0.8248291015625,0
786.814,0,0,0.8248291015625,0
787.115,0,0,0.8248291015625,0
787.416,0,0,0.8248291015625,0
787.726,0,0,0.8248291015625,0
788.036,0,0,0.8248291015625,0
788.346,0,0,0.8248291015625,0
788.656,0,0,0.8248291015625,0
788.963,0,0,0.8248291015625,0
789.265,0,0,0.8248291015625,0
789.566,0,0,0.8248291015625,0
789.867,0,0,0.8248291015625,0
790.168,0,0,0.8248291015625,0
790.469,0,0,0.8248291015625,0
790.77,0,0,0.8248291015625,0
791.077,0,0,0.8248291015625,0
791.379,0,0,0.8248291015625,0
791.68,0,0,0.8248291015625,0
791.981,0,0,0.8248291015625,0
792.282,0,0,0.8248291015625,0
792.583,0,0,0.8248291015625,0
792.884,0,0,0.8248291015625,0
793.191,0,0,0.8248291015625,0
793.493,0,0,0.8248291015625,0
793.794,0,0,0.8248291015625,0
794.095,0,0,0.8248291015625,0
794.396,0,0,0.8248291015625,0
794.697,0,0,0.8248291015625,0
794.998,0,0,0.8248291015625,0
795.305,0,0,0.8248291015625,0
795.607,0,0,0.8248291015625,0
795.908,0,0,0.8248291015625,0
796.209,0,0,0.8248291015625,0
796.51,0,0,0.8248291015625,0
796.811,0,0,0.8248291015625,0
797.112,0,0,0.8248291015625,0
797.418,0,0,0.8248291015625,0
797.729,0,0,0.8248291015625,0
798.039,0,0,0.8248291015625,0
798.349,0,0,0.8248291015625,0
798.659,0,0,0.8248291015625,0
798.96,0,0,0.8248291015625,0
799.261,0,0,0.8248291015625,0
799.568,0,0,0.8248291015625,0
799.869,0,0,0.8248291015625,0
800.17,0,0,0.8248291015625,0
800.471,0,0,0.8248291015625,0
